"","subject_id","visit","PTGENDER","GENOTYPE","entry_age","PTEDUCAT","MMSCORE","KEYMED","TOTAL13","ABETA40","ABETA42","PTAU","PLASMA_BIOMARKER","TESTVALUE","COMPOSITE_REF_VOLUME"
"1","082_S_2121","bl",2,"3/4",67.83,NA,NA,"0",9.67,NA,1016,20.87,"C2N_plasma_Abeta40",339.425,336574
"2","082_S_2121","m03",2,"3/4",67.83,NA,NA,NA,NA,NA,NA,NA,NA,NA,NA
"3","082_S_2121","m06",2,"3/4",67.83,NA,28,"0",5,NA,NA,NA,NA,NA,NA
"4","082_S_2121","m102",2,"3/4",67.83,NA,28,"0",11.33,NA,NA,NA,NA,NA,NA
"5","082_S_2121","m12",2,"3/4",67.83,14,27,"0",11,NA,NA,NA,NA,NA,NA
"6","082_S_2121","m138",2,"3/4",67.83,NA,30,"0",11.67,NA,NA,NA,NA,NA,NA
"7","082_S_2121","m162",2,"3/4",67.83,14,26,"0",12.33,NA,NA,NA,NA,NA,NA
"8","082_S_2121","m174",2,"3/4",67.83,NA,28,"0",18,NA,NA,NA,NA,NA,NA
"9","082_S_2121","m18",2,"3/4",67.83,NA,NA,"0",NA,NA,NA,NA,NA,NA,NA
"10","082_S_2121","m24",2,"3/4",67.83,NA,28,"0",9,NA,956.3,26.31,NA,NA,NA
"11","082_S_2121","m30",2,"3/4",67.83,NA,NA,"0",NA,NA,NA,NA,NA,NA,NA
"12","082_S_2121","m36",2,"3/4",67.83,NA,27,"0",9.33,NA,NA,NA,NA,NA,NA
"13","082_S_2121","m48",2,"3/4",67.83,NA,28,"0",7,NA,NA,NA,"C2N_plasma_Abeta40",389.015,NA
"14","082_S_2121","m90",2,"3/4",67.83,NA,29,"0",9,NA,NA,NA,"C2N_plasma_Abeta40",378.657,NA
"15","082_S_2121","sc",2,"3/4",67.83,14,23,"0",NA,NA,NA,NA,NA,NA,NA
"16","082_S_2121","scmri",2,"3/4",67.83,NA,NA,NA,NA,NA,NA,NA,NA,NA,NA
"17","003_S_4288","bl",2,"3/3",72.51,NA,NA,"0",7.33,11320,702.4,11.25,"C2N_plasma_Abeta40",378.949,NA
"18","003_S_4288","m03",2,"3/3",72.51,NA,NA,NA,NA,NA,NA,NA,NA,NA,NA
"19","003_S_4288","m06",2,"3/3",72.51,NA,29,"0",10,NA,NA,NA,NA,NA,NA
"20","003_S_4288","m108",2,"3/3",72.51,NA,NA,NA,NA,NA,NA,NA,NA,NA,NA
"21","003_S_4288","m12",2,"3/3",72.51,NA,29,"0",11,NA,NA,NA,NA,NA,NA
"22","003_S_4288","m120",2,"3/3",72.51,NA,29,"0",6,NA,NA,NA,"C2N_plasma_Abeta40",481.093,NA
"23","003_S_4288","m132",2,"3/3",72.51,NA,NA,NA,NA,NA,NA,NA,NA,NA,NA
"24","003_S_4288","m156",2,"3/3",72.51,14,30,"0",9.67,NA,NA,NA,NA,NA,NA
"25","003_S_4288","m168",2,"3/3",72.51,NA,NA,NA,NA,NA,NA,NA,NA,NA,NA
"26","003_S_4288","m18",2,"3/3",72.51,NA,NA,"0",NA,NA,NA,NA,NA,NA,NA
"27","003_S_4288","m24",2,"3/3",72.51,NA,28,"0",11.33,NA,NA,NA,NA,NA,NA
"28","003_S_4288","m30",2,"3/3",72.51,NA,NA,"0",NA,NA,NA,NA,NA,NA,NA
"29","003_S_4288","m36",2,"3/3",72.51,NA,NA,NA,NA,NA,NA,NA,NA,NA,NA
"30","003_S_4288","m48",2,"3/3",72.51,NA,30,"0",10,11150,611.2,11.95,"C2N_plasma_Abeta40",425.622,NA
"31","003_S_4288","m72",2,"3/3",72.51,NA,29,"0",9.67,9450,402,12.53,NA,NA,NA
"32","003_S_4288","m96",2,"3/3",72.51,NA,27,"0",13.67,NA,NA,NA,NA,NA,NA
"33","003_S_4288","sc",2,"3/3",72.51,14,29,"0",NA,NA,NA,NA,NA,NA,NA
"34","003_S_4288","scmri",2,"3/3",72.51,NA,NA,NA,NA,NA,NA,NA,NA,NA,NA
"35","006_S_4713","bl",1,"3/4",70.58,NA,NA,"0",13.67,NA,954.8,26.7,"C2N_plasma_Abeta40",360.759,NA
"36","006_S_4713","m03",1,"3/4",70.58,NA,NA,NA,NA,NA,NA,NA,NA,NA,NA
"37","006_S_4713","m06",1,"3/4",70.58,NA,30,"0",6,NA,NA,NA,NA,NA,NA
"38","006_S_4713","m108",1,"3/4",70.58,NA,27,"6",10.33,NA,NA,NA,NA,NA,NA
"39","006_S_4713","m12",1,"3/4",70.58,NA,30,"0",4.67,NA,NA,NA,NA,NA,NA
"40","006_S_4713","m120",1,"3/4",70.58,NA,NA,NA,NA,NA,NA,NA,NA,NA,NA
"41","006_S_4713","m138",1,"3/4",70.58,18,28,"0",26.33,NA,NA,NA,NA,NA,NA
"42","006_S_4713","m150",1,"3/4",70.58,NA,26,"5|6",24.67,NA,NA,NA,NA,NA,NA
"43","006_S_4713","m18",1,"3/4",70.58,NA,NA,"0",NA,NA,NA,NA,NA,NA,NA
"44","006_S_4713","m24",1,"3/4",70.58,NA,30,"0",6,NA,800.5,34.36,NA,NA,NA
"45","006_S_4713","m36",1,"3/4",70.58,NA,30,"0",5.33,NA,NA,NA,NA,NA,NA
"46","006_S_4713","m48",1,"3/4",70.58,NA,30,"0",3,NA,930.1,27.26,"C2N_plasma_Abeta40",372.681,NA
"47","006_S_4713","m66",1,"3/4",70.58,NA,30,"0",6,NA,NA,NA,NA,NA,NA
"48","006_S_4713","m78",1,"3/4",70.58,NA,NA,NA,NA,NA,NA,NA,NA,NA,NA
"49","006_S_4713","m90",1,"3/4",70.58,NA,30,"6",6.33,17380,660,25.46,NA,NA,NA
"50","006_S_4713",NA,1,"3/4",70.58,NA,NA,NA,NA,NA,NA,NA,"C2N_plasma_Abeta40",396.918,NA
"51","006_S_4713","sc",1,"3/4",70.58,20,30,"0",NA,NA,NA,NA,NA,NA,NA
"52","006_S_4713","scmri",1,"3/4",70.58,NA,NA,NA,NA,NA,NA,NA,NA,NA,NA
"53","035_S_6306","bl",1,"2/4",73.26,NA,NA,"0",10,NA,NA,NA,"C2N_plasma_Abeta40",470.609,353452
"54","035_S_6306","m12",1,"2/4",73.26,NA,NA,NA,NA,NA,NA,NA,NA,NA,NA
"55","035_S_6306","m24",1,"2/4",73.26,NA,NA,NA,NA,NA,NA,NA,"C2N_plasma_Abeta40",539.69,NA
"56","035_S_6306","m36",1,"2/4",73.26,NA,NA,NA,NA,NA,NA,NA,NA,NA,NA
"57","035_S_6306","m48",1,"2/4",73.26,NA,29,"6",9.33,NA,NA,NA,"C2N_plasma_Abeta40",480.054,NA
"58","035_S_6306","m60",1,"2/4",73.26,NA,NA,NA,NA,NA,NA,NA,NA,NA,NA
"59","035_S_6306","m72",1,"2/4",73.26,14,27,"6",8.67,NA,NA,NA,NA,NA,NA
"60","035_S_6306","m84",1,"2/4",73.26,NA,NA,NA,NA,NA,NA,NA,NA,NA,NA
"61","035_S_6306","sc",1,"2/4",73.26,14,29,"0",NA,NA,NA,NA,NA,NA,NA
"62","032_S_4429","bl",1,"3/3",77.02,NA,NA,"0",9.33,22020,2406,24.68,NA,NA,NA
"63","032_S_4429","m03",1,"3/3",77.02,NA,NA,NA,NA,NA,NA,NA,NA,NA,NA
"64","032_S_4429","m06",1,"3/3",77.02,NA,29,"0",8.33,NA,NA,NA,NA,NA,NA
"65","032_S_4429","m12",1,"3/3",77.02,NA,29,"0",2,NA,NA,NA,NA,NA,NA
"66","032_S_4429","m150",1,"3/3",77.02,14,28,"0",7.33,NA,NA,NA,NA,NA,NA
"67","032_S_4429","m162",1,"3/3",77.02,NA,NA,NA,NA,NA,NA,NA,NA,NA,NA
"68","032_S_4429","m18",1,"3/3",77.02,NA,NA,"0",NA,NA,NA,NA,NA,NA,NA
"69","032_S_4429","m24",1,"3/3",77.02,NA,28,"0",3.33,19470,1921,26.49,"C2N_plasma_Abeta40",397.523,NA
"70","032_S_4429","m48",1,"3/3",77.02,NA,28,"0",8,NA,2286,28.54,"C2N_plasma_Abeta40",382.998,NA
"71","032_S_4429","m72",1,"3/3",77.02,NA,30,"0",5.67,22960,2396,30.13,"C2N_plasma_Abeta40",414.367,NA
"72","032_S_4429","m96",1,"3/3",77.02,NA,29,"0",5,NA,NA,NA,NA,NA,NA
"73","032_S_4429","sc",1,"3/3",77.02,14,30,"0",NA,NA,NA,NA,NA,NA,NA
"74","032_S_4429","scmri",1,"3/3",77.02,NA,NA,NA,NA,NA,NA,NA,NA,NA,NA
"75","135_S_4489","bl",1,"3/3",74.32,NA,NA,"0",15.33,NA,1336,17.67,NA,NA,NA
"76","135_S_4489","m03",1,"3/3",74.32,NA,NA,NA,NA,NA,NA,NA,NA,NA,NA
"77","135_S_4489","m06",1,"3/3",74.32,NA,30,"0",3.33,NA,NA,NA,NA,NA,NA
"78","135_S_4489","m102",1,"3/3",74.32,NA,30,"0",10.33,NA,NA,NA,NA,NA,NA
"79","135_S_4489","m114",1,"3/3",74.32,NA,30,"0",7.67,NA,NA,NA,"C2N_plasma_Abeta40",445.143,NA
"80","135_S_4489","m12",1,"3/3",74.32,NA,30,"0",8,NA,NA,NA,NA,NA,NA
"81","135_S_4489","m126",1,"3/3",74.32,NA,29,"0",8,NA,NA,NA,NA,NA,NA
"82","135_S_4489","m150",1,"3/3",74.32,20,29,"0",11.33,NA,NA,NA,NA,NA,NA
"83","135_S_4489","m162",1,"3/3",74.32,NA,30,"0",10,NA,NA,NA,NA,NA,NA
"84","135_S_4489","m18",1,"3/3",74.32,NA,NA,"0",NA,NA,NA,NA,NA,NA,NA
"85","135_S_4489","m24",1,"3/3",74.32,NA,29,"0",9,NA,1146,19.76,NA,NA,NA
"86","135_S_4489","m36",1,"3/3",74.32,NA,28,"0",8.33,NA,NA,NA,NA,NA,NA
"87","135_S_4489","m48",1,"3/3",74.32,NA,30,"0",9,NA,NA,NA,NA,NA,NA
"88","135_S_4489","m66",1,"3/3",74.32,NA,29,"0",9.33,NA,NA,NA,"C2N_plasma_Abeta40",395.582,NA
"89","135_S_4489","m78",1,"3/3",74.32,NA,28,"0",12,NA,NA,NA,NA,NA,NA
"90","135_S_4489","m90",1,"3/3",74.32,NA,30,"0",10.33,NA,NA,NA,"C2N_plasma_Abeta40",441.665,NA
"91","135_S_4489","sc",1,"3/3",74.32,20,30,"0",NA,NA,NA,NA,NA,NA,NA
"92","135_S_4489","scmri",1,"3/3",74.32,NA,NA,NA,NA,NA,NA,NA,NA,NA,NA
"93","027_S_5109","bl",1,"3/3",78.41,NA,NA,"0",12,NA,771.9,17.63,"C2N_plasma_Abeta40",544.05,NA
"94","027_S_5109","m03",1,"3/3",78.41,NA,NA,NA,NA,NA,NA,NA,NA,NA,NA
"95","027_S_5109","m06",1,"3/3",78.41,NA,28,"0",10.67,NA,NA,NA,NA,NA,NA
"96","027_S_5109","m108",1,"3/3",78.41,NA,NA,NA,NA,NA,NA,NA,NA,NA,NA
"97","027_S_5109","m12",1,"3/3",78.41,NA,27,"0",8.33,NA,NA,NA,NA,NA,NA
"98","027_S_5109","m132",1,"3/3",78.41,14,23,"0",20.67,NA,NA,NA,NA,NA,NA
"99","027_S_5109","m144",1,"3/3",78.41,NA,NA,NA,NA,NA,NA,NA,NA,NA,NA
"100","027_S_5109","m24",1,"3/3",78.41,NA,28,"0",5.67,NA,775.7,19.58,"C2N_plasma_Abeta40",448.339,NA
"101","027_S_5109","m48",1,"3/3",78.41,NA,29,"0",12,NA,NA,NA,NA,NA,NA
"102","027_S_5109","m60",1,"3/3",78.41,NA,NA,NA,NA,NA,NA,NA,NA,NA,NA
"103","027_S_5109","m72",1,"3/3",78.41,NA,28,"0",7.67,NA,NA,NA,NA,NA,NA
"104","027_S_5109","m84",1,"3/3",78.41,NA,NA,NA,NA,NA,NA,NA,NA,NA,NA
"105","027_S_5109","m96",1,"3/3",78.41,NA,26,"0",17.67,NA,NA,NA,"C2N_plasma_Abeta40",666.156,NA
"106","027_S_5109","sc",1,"3/3",78.41,14,27,"0",NA,NA,NA,NA,NA,NA,NA
"107","027_S_5109","scmri",1,"3/3",78.41,NA,NA,NA,NA,NA,NA,NA,NA,NA,NA
"108","126_S_4891","bl",1,"4/4",59.73,NA,NA,"0",10.33,NA,533.5,25.35,"C2N_plasma_Abeta40",382.09,NA
"109","126_S_4891","m03",1,"4/4",59.73,NA,NA,NA,NA,NA,NA,NA,NA,NA,NA
"110","126_S_4891","m06",1,"4/4",59.73,NA,30,"0",15.33,NA,NA,NA,NA,NA,NA
"111","126_S_4891","m108",1,"4/4",59.73,NA,19,"1",35,NA,NA,NA,NA,NA,NA
"112","126_S_4891","m12",1,"4/4",59.73,NA,30,"0",7,NA,NA,NA,NA,NA,NA
"113","126_S_4891","m120",1,"4/4",59.73,NA,14,"1",45,NA,NA,NA,NA,NA,NA
"114","126_S_4891","m132",1,"4/4",59.73,NA,6,"1|6",55.67,NA,NA,NA,NA,NA,NA
"115","126_S_4891","m144",1,"4/4",59.73,12,NA,"6|7",NA,NA,NA,NA,NA,NA,NA
"116","126_S_4891","m156",1,"4/4",59.73,NA,NA,"6|7",NA,NA,NA,NA,NA,NA,NA
"117","126_S_4891","m18",1,"4/4",59.73,NA,NA,"0",NA,NA,NA,NA,NA,NA,NA
"118","126_S_4891","m24",1,"4/4",59.73,NA,28,"0",13.67,NA,NA,NA,NA,NA,NA
"119","126_S_4891","m36",1,"4/4",59.73,NA,28,"0",5.67,NA,NA,NA,NA,NA,NA
"120","126_S_4891","m48",1,"4/4",59.73,NA,27,"0",10.33,NA,NA,NA,"C2N_plasma_Abeta40",361.747,NA
"121","126_S_4891","m72",1,"4/4",59.73,NA,26,"0",17.67,NA,NA,NA,"C2N_plasma_Abeta40",315.07,NA
"122","126_S_4891","m84",1,"4/4",59.73,NA,25,"0",27,NA,NA,NA,NA,NA,NA
"123","126_S_4891","m96",1,"4/4",59.73,NA,20,"1",32.33,NA,NA,NA,NA,NA,NA
"124","126_S_4891","sc",1,"4/4",59.73,15,29,"0",NA,NA,NA,NA,NA,NA,NA
"125","126_S_4891","scmri",1,"4/4",59.73,NA,NA,NA,NA,NA,NA,NA,NA,NA,NA
"126","057_S_5292","bl",2,"3/3",74.35,NA,NA,"0",5,NA,928.3,36.39,"C2N_plasma_Abeta40",400.028,NA
"127","057_S_5292","m03",2,"3/3",74.35,NA,NA,NA,NA,NA,NA,NA,NA,NA,NA
"128","057_S_5292","m06",2,"3/3",74.35,NA,30,"0",3.33,NA,NA,NA,NA,NA,NA
"129","057_S_5292","m108",2,"3/3",74.35,NA,30,"0",21,NA,NA,NA,NA,NA,NA
"130","057_S_5292","m120",2,"3/3",74.35,NA,NA,NA,NA,NA,NA,NA,NA,NA,NA
"131","057_S_5292","m132",2,"3/3",74.35,12,27,"6",20.67,NA,NA,NA,NA,NA,NA
"132","057_S_5292","m144",2,"3/3",74.35,NA,15,"6",NA,NA,NA,NA,NA,NA,NA
"133","057_S_5292","m24",2,"3/3",74.35,NA,29,"0",5.33,NA,915.4,40.95,NA,NA,NA
"134","057_S_5292","m60",2,"3/3",74.35,NA,29,"0",11.33,NA,NA,NA,"C2N_plasma_Abeta40",404.454,NA
"135","057_S_5292","m72",2,"3/3",74.35,NA,30,"0",10.67,NA,NA,NA,NA,NA,NA
"136","057_S_5292","m84",2,"3/3",74.35,NA,30,"0",10.33,NA,NA,NA,"C2N_plasma_Abeta40",387.151,NA
"137","057_S_5292","m96",2,"3/3",74.35,NA,NA,NA,NA,NA,NA,NA,NA,NA,NA
"138","057_S_5292","sc",2,"3/3",74.35,13,30,"6",NA,NA,NA,NA,NA,NA,NA
"139","057_S_5292","scmri",2,"3/3",74.35,NA,NA,NA,NA,NA,NA,NA,NA,NA,NA
"140","137_S_4351","bl",2,"3/4",67.83,NA,NA,"6",17,NA,703.7,24.86,"C2N_plasma_Abeta40",341.017,NA
"141","137_S_4351","m03",2,"3/4",67.83,NA,NA,NA,NA,NA,NA,NA,NA,NA,NA
"142","137_S_4351","m06",2,"3/4",67.83,NA,30,"6",6.67,NA,NA,NA,NA,NA,NA
"143","137_S_4351","m12",2,"3/4",67.83,NA,28,"6",10.67,NA,NA,NA,NA,NA,NA
"144","137_S_4351","m156",2,"3/4",67.83,14,24,"6",19.33,NA,NA,NA,NA,NA,NA
"145","137_S_4351","m162",2,"3/4",67.83,NA,27,"1|6",16.67,NA,NA,NA,NA,NA,NA
"146","137_S_4351","m18",2,"3/4",67.83,NA,NA,"6",NA,NA,NA,NA,NA,NA,NA
"147","137_S_4351","m24",2,"3/4",67.83,NA,30,"6",10.33,NA,654.8,27.92,"C2N_plasma_Abeta40",402.987,NA
"148","137_S_4351","m36",2,"3/4",67.83,NA,29,"6",12,NA,NA,NA,NA,NA,NA
"149","137_S_4351","m48",2,"3/4",67.83,NA,30,"6",10.67,NA,NA,NA,"C2N_plasma_Abeta40",390.308,NA
"150","137_S_4351","m72",2,"3/4",67.83,NA,29,"6",12.67,NA,NA,NA,NA,NA,NA
"151","137_S_4351","m84",2,"3/4",67.83,NA,NA,"6",NA,NA,NA,NA,NA,NA,NA
"152","137_S_4351","m96",2,"3/4",67.83,NA,29,"6",19,NA,NA,NA,NA,NA,NA
"153","137_S_4351","sc",2,"3/4",67.83,16,29,"6",NA,NA,NA,NA,NA,NA,NA
"154","137_S_4351","scmri",2,"3/4",67.83,NA,NA,NA,NA,NA,NA,NA,NA,NA,NA
"155","002_S_6007","bl",2,"4/4",76.81,NA,NA,"0",6,18510,473,31.48,"C2N_plasma_Abeta40",367.115,331706
"156","002_S_6007","m12",2,"4/4",76.81,NA,30,"0",8.33,NA,NA,NA,"C2N_plasma_Abeta40",406.969,NA
"157","002_S_6007","m24",2,"4/4",76.81,NA,29,"0",8.67,NA,NA,NA,"C2N_plasma_Abeta40",400.058,NA
"158","002_S_6007","m90",2,"4/4",76.81,19,28,"0",24.67,NA,NA,NA,NA,NA,NA
"159","002_S_6007","sc",2,"4/4",76.81,19,29,"0",NA,NA,NA,NA,NA,NA,NA
"160","007_S_5265","bl",2,"3/3",75.12,NA,NA,"0",6.67,NA,466.1,24.78,"C2N_plasma_Abeta40",450.491,NA
"161","007_S_5265","m06",2,"3/3",75.12,NA,27,"0",11,NA,NA,NA,NA,NA,NA
"162","007_S_5265","m108",2,"3/3",75.12,NA,21,"0",27.67,NA,NA,NA,NA,NA,NA
"163","007_S_5265","m132",2,"3/3",75.12,16,NA,"6",NA,NA,NA,NA,NA,NA,NA
"164","007_S_5265","m24",2,"3/3",75.12,NA,28,"0",6.33,NA,376.8,27.36,NA,NA,NA
"165","007_S_5265","m48",2,"3/3",75.12,NA,27,"0",12,17290,450,33.87,NA,NA,NA
"166","007_S_5265","m60",2,"3/3",75.12,NA,29,"0",13.33,NA,NA,NA,NA,NA,NA
"167","007_S_5265","m72",2,"3/3",75.12,NA,26,"0",20,NA,NA,NA,"C2N_plasma_Abeta40",428.187,NA
"168","007_S_5265","m84",2,"3/3",75.12,NA,NA,NA,NA,NA,NA,NA,NA,NA,NA
"169","007_S_5265","m96",2,"3/3",75.12,NA,20,"0",25.33,NA,NA,NA,"C2N_plasma_Abeta40",465.625,NA
"170","007_S_5265","sc",2,"3/3",75.12,18,30,"0",NA,NA,NA,NA,NA,NA,NA
"171","007_S_5265","scmri",2,"3/3",75.12,NA,NA,NA,NA,NA,NA,NA,NA,NA,NA
"172","137_S_4631","bl",1,"3/3",69.47,NA,NA,"3|6",12.33,NA,725.4,30.41,NA,NA,NA
"173","137_S_4631","m03",1,"3/3",69.47,NA,NA,NA,NA,NA,NA,NA,NA,NA,NA
"174","137_S_4631","m06",1,"3/3",69.47,NA,27,"6",10.67,NA,NA,NA,NA,NA,NA
"175","137_S_4631","m102",1,"3/3",69.47,NA,27,"7",11,NA,NA,NA,NA,NA,NA
"176","137_S_4631","m12",1,"3/3",69.47,NA,28,"4|7",6.67,NA,NA,NA,NA,NA,NA
"177","137_S_4631","m150",1,"3/3",69.47,20,27,"6",16,NA,NA,NA,NA,NA,NA
"178","137_S_4631","m18",1,"3/3",69.47,NA,NA,"4|7",NA,NA,NA,NA,NA,NA,NA
"179","137_S_4631","m24",1,"3/3",69.47,NA,29,"4|7",4.33,NA,612.4,35.85,"C2N_plasma_Abeta40",407.772,NA
"180","137_S_4631","m36",1,"3/3",69.47,NA,28,"7",7.33,NA,NA,NA,NA,NA,NA
"181","137_S_4631","m48",1,"3/3",69.47,NA,27,"7",9,NA,629.2,34.85,NA,NA,NA
"182","137_S_4631","m66",1,"3/3",69.47,NA,27,"7",13.33,15330,521.6,39.2,"C2N_plasma_Abeta40",457.3,NA
"183","137_S_4631","m78",1,"3/3",69.47,NA,27,"7",13.33,NA,NA,NA,NA,NA,NA
"184","137_S_4631","m90",1,"3/3",69.47,NA,29,"7",10.33,NA,NA,NA,"C2N_plasma_Abeta40",512.2,NA
"185","137_S_4631","sc",1,"3/3",69.47,20,28,"3|6",NA,NA,NA,NA,NA,NA,NA
"186","137_S_4631","scmri",1,"3/3",69.47,NA,NA,NA,NA,NA,NA,NA,NA,NA,NA
"187","018_S_4400","bl",1,"3/4",71.16,NA,NA,"0",9.33,NA,NA,NA,NA,NA,NA
"188","018_S_4400","m03",1,"3/4",71.16,NA,NA,NA,NA,NA,NA,NA,NA,NA,NA
"189","018_S_4400","m06",1,"3/4",71.16,NA,29,"0",6.33,NA,NA,NA,NA,NA,NA
"190","018_S_4400","m108",1,"3/4",71.16,NA,30,"0",10.33,NA,NA,NA,NA,NA,NA
"191","018_S_4400","m12",1,"3/4",71.16,NA,30,"0",3.33,NA,NA,NA,NA,NA,NA
"192","018_S_4400","m120",1,"3/4",71.16,NA,27,"0",14,NA,NA,NA,"C2N_plasma_Abeta40",368.732,NA
"193","018_S_4400","m132",1,"3/4",71.16,NA,30,"0",10,NA,NA,NA,NA,NA,NA
"194","018_S_4400","m156",1,"3/4",71.16,20,30,"0",12,NA,NA,NA,NA,NA,NA
"195","018_S_4400","m18",1,"3/4",71.16,NA,NA,"0",NA,NA,NA,NA,NA,NA,NA
"196","018_S_4400","m24",1,"3/4",71.16,NA,29,"0",7.67,NA,NA,NA,"C2N_plasma_Abeta40",371.985,NA
"197","018_S_4400","m48",1,"3/4",71.16,NA,30,"0",2.67,NA,NA,NA,NA,NA,NA
"198","018_S_4400","m66",1,"3/4",71.16,NA,30,"0",4.33,NA,NA,NA,NA,NA,NA
"199","018_S_4400","m78",1,"3/4",71.16,NA,30,"0",5.67,NA,NA,NA,NA,NA,NA
"200","018_S_4400","m90",1,"3/4",71.16,NA,29,"0",11.33,NA,NA,NA,"C2N_plasma_Abeta40",374.249,NA
"201","018_S_4400","sc",1,"3/4",71.16,20,30,"0",NA,NA,NA,NA,NA,NA,NA
"202","018_S_4400","scmri",1,"3/4",71.16,NA,NA,NA,NA,NA,NA,NA,NA,NA,NA
"203","127_S_5132","bl",2,"2/3",69.32,NA,NA,"0",7.33,NA,NA,NA,NA,NA,NA
"204","127_S_5132","m03",2,"2/3",69.32,NA,NA,NA,NA,NA,NA,NA,NA,NA,NA
"205","127_S_5132","m06",2,"2/3",69.32,NA,28,"0",10,NA,NA,NA,NA,NA,NA
"206","127_S_5132","m108",2,"2/3",69.32,NA,28,"1",17.33,NA,NA,NA,NA,NA,NA
"207","127_S_5132","m12",2,"2/3",69.32,NA,30,"0",5,NA,NA,NA,NA,NA,NA
"208","127_S_5132","m144",2,"2/3",69.32,12,26,"1",18,NA,NA,NA,NA,NA,NA
"209","127_S_5132","m24",2,"2/3",69.32,NA,29,"0",5.67,NA,NA,NA,NA,NA,NA
"210","127_S_5132","m48",2,"2/3",69.32,NA,29,"0",5.67,NA,NA,NA,"C2N_plasma_Abeta40",550.235,NA
"211","127_S_5132","m60",2,"2/3",69.32,NA,NA,NA,NA,NA,NA,NA,NA,NA,NA
"212","127_S_5132","m72",2,"2/3",69.32,NA,30,"0",8.33,NA,NA,NA,"C2N_plasma_Abeta40",517.492,NA
"213","127_S_5132","m90",2,"2/3",69.32,NA,27,"1",14.67,NA,NA,NA,NA,NA,NA
"214","127_S_5132","m96",2,"2/3",69.32,NA,27,"1",13.67,NA,NA,NA,"C2N_plasma_Abeta40",511.342,NA
"215","127_S_5132","sc",2,"2/3",69.32,12,29,"0",NA,NA,NA,NA,NA,NA,NA
"216","127_S_5132","scmri",2,"2/3",69.32,NA,NA,NA,NA,NA,NA,NA,NA,NA,NA
"217","053_S_4813","bl",1,"3/3",67.62,NA,NA,"0",8,NA,2198,19.89,NA,NA,NA
"218","053_S_4813","m03",1,"3/3",67.62,NA,NA,NA,NA,NA,NA,NA,NA,NA,NA
"219","053_S_4813","m06",1,"3/3",67.62,NA,29,"0",4,NA,NA,NA,NA,NA,NA
"220","053_S_4813","m102",1,"3/3",67.62,NA,30,"0",2,NA,NA,NA,NA,NA,NA
"221","053_S_4813","m114",1,"3/3",67.62,NA,30,"0",3,NA,NA,NA,NA,NA,NA
"222","053_S_4813","m12",1,"3/3",67.62,NA,27,"0",14,NA,NA,NA,NA,NA,NA
"223","053_S_4813","m156",1,"3/3",67.62,18,29,"0",9.33,NA,NA,NA,NA,NA,NA
"224","053_S_4813","m18",1,"3/3",67.62,NA,NA,"0",NA,NA,NA,NA,NA,NA,NA
"225","053_S_4813","m24",1,"3/3",67.62,NA,27,"0",5.67,NA,2330,19.7,"C2N_plasma_Abeta40",360.765,NA
"226","053_S_4813","m36",1,"3/3",67.62,NA,28,"0",1.67,NA,NA,NA,NA,NA,NA
"227","053_S_4813","m48",1,"3/3",67.62,NA,27,"0",4.33,NA,NA,NA,"C2N_plasma_Abeta40",373.384,NA
"228","053_S_4813","m72",1,"3/3",67.62,NA,29,"0",2,NA,NA,NA,"C2N_plasma_Abeta40",401.786,NA
"229","053_S_4813","m90",1,"3/3",67.62,NA,28,"0",14.33,NA,NA,NA,NA,NA,NA
"230","053_S_4813","sc",1,"3/3",67.62,16,29,"0",NA,NA,NA,NA,NA,NA,NA
"231","053_S_4813","scmri",1,"3/3",67.62,NA,NA,NA,NA,NA,NA,NA,NA,NA,NA
"232","016_S_2007","bl",2,"3/3",83.49,NA,NA,"1|4",9,NA,NA,NA,"C2N_plasma_Abeta40",524.644,210161
"233","016_S_2007","m03",2,"3/3",83.49,NA,NA,NA,NA,NA,NA,NA,NA,NA,NA
"234","016_S_2007","m06",2,"3/3",83.49,NA,28,"1|4",12,NA,NA,NA,NA,NA,NA
"235","016_S_2007","m12",2,"3/3",83.49,20,29,"1|4",7,NA,NA,NA,NA,NA,NA
"236","016_S_2007","m18",2,"3/3",83.49,NA,NA,"1",NA,NA,NA,NA,NA,NA,NA
"237","016_S_2007","m24",2,"3/3",83.49,NA,30,"1|4",7.33,NA,NA,NA,NA,NA,NA
"238","016_S_2007","m30",2,"3/3",83.49,NA,NA,"1|4",NA,NA,NA,NA,NA,NA,NA
"239","016_S_2007","m36",2,"3/3",83.49,NA,29,"1|4",8,NA,NA,NA,"C2N_plasma_Abeta40",637.413,NA
"240","016_S_2007","m42",2,"3/3",83.49,NA,NA,"1|4",NA,NA,NA,NA,NA,NA,NA
"241","016_S_2007","m48",2,"3/3",83.49,NA,30,"1|4",15.33,NA,NA,NA,NA,NA,NA
"242","016_S_2007","m60",2,"3/3",83.49,NA,25,"1|4",30,NA,NA,NA,"C2N_plasma_Abeta40",598.091,NA
"243","016_S_2007","sc",2,"3/3",83.49,20,29,"1|4",NA,NA,NA,NA,NA,NA,NA
"244","016_S_2007","scmri",2,"3/3",83.49,NA,NA,NA,NA,NA,NA,NA,NA,NA,NA
"245","072_S_2037","bl",1,"2/4",75.82,NA,NA,"3",20,NA,NA,NA,"C2N_plasma_Abeta40",500.774,342155
"246","072_S_2037","m03",1,"2/4",75.82,NA,NA,NA,NA,NA,NA,NA,NA,NA,NA
"247","072_S_2037","m06",1,"2/4",75.82,NA,30,"3",16.33,NA,NA,NA,NA,NA,NA
"248","072_S_2037","m12",1,"2/4",75.82,16,29,"3",17,NA,NA,NA,NA,NA,NA
"249","072_S_2037","m18",1,"2/4",75.82,NA,NA,"3",NA,NA,NA,NA,NA,NA,NA
"250","072_S_2037","m24",1,"2/4",75.82,NA,28,"3",15,NA,NA,NA,"C2N_plasma_Abeta40",480.292,NA
"251","072_S_2037","m30",1,"2/4",75.82,NA,NA,"3",NA,NA,NA,NA,NA,NA,NA
"252","072_S_2037","m36",1,"2/4",75.82,NA,27,"1",21,NA,NA,NA,NA,NA,NA
"253","072_S_2037","m42",1,"2/4",75.82,NA,NA,"1",NA,NA,NA,NA,NA,NA,NA
"254","072_S_2037","m48",1,"2/4",75.82,NA,25,"3",13.67,NA,NA,NA,"C2N_plasma_Abeta40",476.68,NA
"255","072_S_2037","m60",1,"2/4",75.82,NA,28,"1",17,NA,NA,NA,NA,NA,NA
"256","072_S_2037","sc",1,"2/4",75.82,16,26,"3",NA,NA,NA,NA,NA,NA,NA
"257","072_S_2037","scmri",1,"2/4",75.82,NA,NA,NA,NA,NA,NA,NA,NA,NA,NA
"258","128_S_2045","bl",1,"3/4",72.34,NA,NA,"0",9,NA,725.1,20.5,"C2N_plasma_Abeta40",387.399,331315
"259","128_S_2045","m03",1,"3/4",72.34,NA,NA,NA,NA,NA,NA,NA,NA,NA,NA
"260","128_S_2045","m06",1,"3/4",72.34,NA,27,"0",5,NA,NA,NA,NA,NA,NA
"261","128_S_2045","m12",1,"3/4",72.34,16,30,"0",3.67,NA,NA,NA,NA,NA,NA
"262","128_S_2045","m18",1,"3/4",72.34,NA,NA,"0",NA,NA,NA,NA,NA,NA,NA
"263","128_S_2045","m24",1,"3/4",72.34,NA,30,"0",2,NA,710.9,23.38,"C2N_plasma_Abeta40",448.819,NA
"264","128_S_2045","m30",1,"3/4",72.34,NA,NA,"0",NA,NA,NA,NA,NA,NA,NA
"265","128_S_2045","m36",1,"3/4",72.34,NA,28,"0",12.33,NA,NA,NA,NA,NA,NA
"266","128_S_2045","m42",1,"3/4",72.34,NA,NA,"0",NA,NA,NA,NA,NA,NA,NA
"267","128_S_2045","m48",1,"3/4",72.34,NA,29,"0",6.67,NA,NA,NA,"C2N_plasma_Abeta40",367.995,NA
"268","128_S_2045","m60",1,"3/4",72.34,NA,28,"0",19.67,NA,NA,NA,NA,NA,NA
"269","128_S_2045","sc",1,"3/4",72.34,16,27,"0",NA,NA,NA,NA,NA,NA,NA
"270","128_S_2045","scmri",1,"3/4",72.34,NA,NA,NA,NA,NA,NA,NA,NA,NA,NA
"271","002_S_2073","bl",2,"3/3",63.4,NA,NA,"6",8.33,NA,1094,24.09,"C2N_plasma_Abeta40",406.733,322816
"272","002_S_2073","m03",2,"3/3",63.4,NA,NA,NA,NA,NA,NA,NA,NA,NA,NA
"273","002_S_2073","m06",2,"3/3",63.4,NA,27,"0",11.67,NA,NA,NA,NA,NA,NA
"274","002_S_2073","m12",2,"3/3",63.4,20,29,"0",5.67,NA,NA,NA,NA,NA,NA
"275","002_S_2073","m18",2,"3/3",63.4,NA,NA,"6",NA,NA,NA,NA,NA,NA,NA
"276","002_S_2073","m24",2,"3/3",63.4,NA,28,"6",9.67,NA,NA,NA,NA,NA,NA
"277","002_S_2073","m30",2,"3/3",63.4,NA,NA,"6",NA,NA,NA,NA,NA,NA,NA
"278","002_S_2073","m36",2,"3/3",63.4,NA,30,"0",6,NA,NA,NA,NA,NA,NA
"279","002_S_2073","m42",2,"3/3",63.4,NA,NA,"0",NA,NA,NA,NA,NA,NA,NA
"280","002_S_2073","m48",2,"3/3",63.4,NA,30,"0",6.33,NA,NA,NA,"C2N_plasma_Abeta40",392.594,NA
"281","002_S_2073","m60",2,"3/3",63.4,NA,30,"0",4.67,NA,NA,NA,NA,NA,NA
"282","002_S_2073","m72",2,"3/3",63.4,NA,29,"0",4.33,NA,NA,NA,"C2N_plasma_Abeta40",469.187,NA
"283","002_S_2073","sc",2,"3/3",63.4,20,29,"6",NA,NA,NA,NA,NA,NA,NA
"284","002_S_2073","scmri",2,"3/3",63.4,NA,NA,NA,NA,NA,NA,NA,NA,NA,NA
"285","098_S_2079","bl",1,"3/3",65.58,NA,NA,"0",18,NA,518.6,48.48,"C2N_plasma_Abeta40",412.445,363946
"286","098_S_2079","m03",1,"3/3",65.58,NA,NA,NA,NA,NA,NA,NA,NA,NA,NA
"287","098_S_2079","m06",1,"3/3",65.58,NA,27,"0",19.67,NA,NA,NA,NA,NA,NA
"288","098_S_2079","m108",1,"3/3",65.58,NA,NA,"6",NA,NA,NA,NA,NA,NA,NA
"289","098_S_2079","m12",1,"3/3",65.58,12,22,"0",16,NA,NA,NA,NA,NA,NA
"290","098_S_2079","m120",1,"3/3",65.58,NA,NA,NA,NA,NA,NA,NA,NA,NA,NA
"291","098_S_2079","m132",1,"3/3",65.58,NA,NA,"6",NA,NA,NA,NA,NA,NA,NA
"292","098_S_2079","m18",1,"3/3",65.58,NA,NA,"0",NA,NA,NA,NA,NA,NA,NA
"293","098_S_2079","m24",1,"3/3",65.58,NA,24,"0",17.33,NA,413,42.15,NA,NA,NA
"294","098_S_2079","m30",1,"3/3",65.58,NA,NA,"0",NA,NA,NA,NA,NA,NA,NA
"295","098_S_2079","m36",1,"3/3",65.58,NA,26,"0",19.33,NA,NA,NA,NA,NA,NA
"296","098_S_2079","m42",1,"3/3",65.58,NA,NA,"0",NA,NA,NA,NA,NA,NA,NA
"297","098_S_2079","m48",1,"3/3",65.58,NA,26,"6",12.67,NA,491.4,38.48,"C2N_plasma_Abeta40",362.633,NA
"298","098_S_2079","m60",1,"3/3",65.58,NA,25,"6",NA,NA,NA,NA,NA,NA,NA
"299","098_S_2079","m72",1,"3/3",65.58,NA,26,"6",21,NA,NA,NA,"C2N_plasma_Abeta40",412.626,NA
"300","098_S_2079","m96",1,"3/3",65.58,NA,NA,"6",NA,NA,NA,NA,NA,NA,NA
"301","098_S_2079","sc",1,"3/3",65.58,13,25,"0",NA,NA,NA,NA,NA,NA,NA
"302","098_S_2079","scmri",1,"3/3",65.58,NA,NA,NA,NA,NA,NA,NA,NA,NA,NA
"303","128_S_2130","bl",1,"3/3",76.43,NA,NA,"1",11,NA,476.6,30.39,"C2N_plasma_Abeta40",419.431,344814
"304","128_S_2130","m03",1,"3/3",76.43,NA,NA,NA,NA,NA,NA,NA,NA,NA,NA
"305","128_S_2130","m102",1,"3/3",76.43,NA,24,"0",NA,NA,NA,NA,NA,NA,NA
"306","128_S_2130","m12",1,"3/3",76.43,16,28,"1",11.67,NA,NA,NA,NA,NA,NA
"307","128_S_2130","m126",1,"3/3",76.43,NA,19,"0",38,NA,NA,NA,NA,NA,NA
"308","128_S_2130","m18",1,"3/3",76.43,NA,NA,"6",NA,NA,NA,NA,NA,NA,NA
"309","128_S_2130","m24",1,"3/3",76.43,NA,30,"0",11.67,NA,NA,NA,NA,NA,NA
"310","128_S_2130","m30",1,"3/3",76.43,NA,NA,"0",NA,NA,NA,NA,NA,NA,NA
"311","128_S_2130","m36",1,"3/3",76.43,NA,29,"1|6",11.33,NA,NA,NA,NA,NA,NA
"312","128_S_2130","m48",1,"3/3",76.43,NA,26,"0",12.67,NA,NA,NA,"C2N_plasma_Abeta40",411.654,NA
"313","128_S_2130","m60",1,"3/3",76.43,NA,25,"6",14,NA,NA,NA,NA,NA,NA
"314","128_S_2130","m90",1,"3/3",76.43,NA,25,"0",20,NA,NA,NA,"C2N_plasma_Abeta40",464.897,NA
"315","128_S_2130","sc",1,"3/3",76.43,16,28,"1",NA,NA,NA,NA,NA,NA,NA
"316","128_S_2130","scmri",1,"3/3",76.43,NA,NA,NA,NA,NA,NA,NA,NA,NA,NA
"317","018_S_2133","bl",2,"4/4",62.53,NA,NA,"6",9,NA,413.9,28.71,"C2N_plasma_Abeta40",356.343,NA
"318","018_S_2133","m03",2,"4/4",62.53,NA,NA,NA,NA,NA,NA,NA,NA,NA,NA
"319","018_S_2133","m06",2,"4/4",62.53,NA,29,"6",13.33,NA,NA,NA,NA,NA,NA
"320","018_S_2133","m12",2,"4/4",62.53,18,26,"6",16.67,NA,NA,NA,NA,NA,NA
"321","018_S_2133","m168",2,"4/4",62.53,NA,NA,NA,NA,NA,NA,NA,NA,NA,NA
"322","018_S_2133","m18",2,"4/4",62.53,NA,NA,"6",NA,NA,NA,NA,NA,NA,NA
"323","018_S_2133","m24",2,"4/4",62.53,NA,26,"6",11,NA,490.3,29.65,NA,NA,NA
"324","018_S_2133","m30",2,"4/4",62.53,NA,NA,"6",NA,NA,NA,NA,NA,NA,NA
"325","018_S_2133","m36",2,"4/4",62.53,NA,25,"6",16.67,NA,NA,NA,NA,NA,NA
"326","018_S_2133","m48",2,"4/4",62.53,NA,26,"6",20.67,NA,NA,NA,"C2N_plasma_Abeta40",384.498,NA
"327","018_S_2133","m60",2,"4/4",62.53,NA,24,"6",18.67,NA,NA,NA,NA,NA,NA
"328","018_S_2133","m84",2,"4/4",62.53,NA,24,"4",25,17430,470.4,31.22,"C2N_plasma_Abeta40",458.33,NA
"329","018_S_2133","m96",2,"4/4",62.53,NA,22,"4|6",48.67,NA,NA,NA,NA,NA,NA
"330","018_S_2133","sc",2,"4/4",62.53,18,30,"6",NA,NA,NA,NA,NA,NA,NA
"331","018_S_2133","scmri",2,"4/4",62.53,NA,NA,NA,NA,NA,NA,NA,NA,NA,NA
"332","022_S_2167","bl",1,"3/3",80.72,NA,NA,"5",6,NA,832,33.28,"C2N_plasma_Abeta40",372.429,NA
"333","022_S_2167","m03",1,"3/3",80.72,NA,NA,NA,NA,NA,NA,NA,NA,NA,NA
"334","022_S_2167","m06",1,"3/3",80.72,NA,28,"5",4.67,NA,NA,NA,NA,NA,NA
"335","022_S_2167","m12",1,"3/3",80.72,18,30,"3",6.33,NA,NA,NA,NA,NA,NA
"336","022_S_2167","m18",1,"3/3",80.72,NA,NA,"5",NA,NA,NA,NA,NA,NA,NA
"337","022_S_2167","m24",1,"3/3",80.72,NA,29,"0",3.67,NA,840.5,30.86,"C2N_plasma_Abeta40",417.116,NA
"338","022_S_2167","m30",1,"3/3",80.72,NA,NA,"5",NA,NA,NA,NA,NA,NA,NA
"339","022_S_2167","m36",1,"3/3",80.72,NA,30,"5",6.67,NA,NA,NA,NA,NA,NA
"340","022_S_2167","m48",1,"3/3",80.72,NA,30,"5",7.67,NA,NA,NA,NA,NA,NA
"341","022_S_2167","m60",1,"3/3",80.72,NA,30,"0",10,NA,NA,NA,"C2N_plasma_Abeta40",397.137,NA
"342","022_S_2167","m72",1,"3/3",80.72,NA,NA,"5",NA,NA,NA,NA,NA,NA,NA
"343","022_S_2167","sc",1,"3/3",80.72,18,30,"5",NA,NA,NA,NA,NA,NA,NA
"344","022_S_2167","scmri",1,"3/3",80.72,NA,NA,NA,NA,NA,NA,NA,NA,NA,NA
"345","018_S_2155","bl",2,"4/4",68.9,NA,NA,"0",11.33,NA,539.6,82.04,NA,NA,NA
"346","018_S_2155","m03",2,"4/4",68.9,NA,NA,NA,NA,NA,NA,NA,NA,NA,NA
"347","018_S_2155","m06",2,"4/4",68.9,NA,29,"0",16,NA,NA,NA,NA,NA,NA
"348","018_S_2155","m108",2,"4/4",68.9,NA,24,"0",25.33,23700,496.1,89.5,"C2N_plasma_Abeta40",450.861,NA
"349","018_S_2155","m12",2,"4/4",68.9,14,29,"0",17.33,NA,NA,NA,NA,NA,NA
"350","018_S_2155","m120",2,"4/4",68.9,NA,22,"0",35,NA,NA,NA,NA,NA,NA
"351","018_S_2155","m132",2,"4/4",68.9,NA,21,"0",32,NA,NA,NA,NA,NA,NA
"352","018_S_2155","m144",2,"4/4",68.9,NA,19,"0",37.33,NA,NA,NA,NA,NA,NA
"353","018_S_2155","m162",2,"4/4",68.9,NA,NA,NA,NA,NA,NA,NA,NA,NA,NA
"354","018_S_2155","m174",2,"4/4",68.9,NA,NA,"6",NA,NA,NA,NA,NA,NA,NA
"355","018_S_2155","m18",2,"4/4",68.9,NA,NA,"0",NA,NA,NA,NA,NA,NA,NA
"356","018_S_2155","m24",2,"4/4",68.9,NA,28,"0",11.67,NA,719.1,71.56,"C2N_plasma_Abeta40",381.132,NA
"357","018_S_2155","m30",2,"4/4",68.9,NA,NA,"0",NA,NA,NA,NA,NA,NA,NA
"358","018_S_2155","m36",2,"4/4",68.9,NA,27,"0",14,NA,NA,NA,NA,NA,NA
"359","018_S_2155","m48",2,"4/4",68.9,NA,24,"0",17.67,NA,NA,NA,"C2N_plasma_Abeta40",377.548,NA
"360","018_S_2155","m60",2,"4/4",68.9,NA,26,"0",19.67,NA,NA,NA,NA,NA,NA
"361","018_S_2155","m84",2,"4/4",68.9,NA,24,"0",24.67,29700,633,91.4,"QX_plasma_Ab40",95.1,NA
"362","018_S_2155","m90",2,"4/4",68.9,NA,27,"0",24,NA,NA,NA,NA,NA,NA
"363","018_S_2155","sc",2,"4/4",68.9,14,27,"0",NA,NA,NA,NA,NA,NA,NA
"364","018_S_2155","scmri",2,"4/4",68.9,NA,NA,NA,NA,NA,NA,NA,NA,NA,NA
"365","127_S_2213","bl",2,"3/3",82.29,NA,NA,"6",11,NA,1124,30.59,"C2N_plasma_Abeta40",412.505,248746
"366","127_S_2213","m03",2,"3/3",82.29,NA,NA,NA,NA,NA,NA,NA,NA,NA,NA
"367","127_S_2213","m06",2,"3/3",82.29,NA,29,"6",9.67,NA,NA,NA,NA,NA,NA
"368","127_S_2213","m12",2,"3/3",82.29,14,29,"6",12,NA,NA,NA,NA,NA,NA
"369","127_S_2213","m18",2,"3/3",82.29,NA,NA,"6",NA,NA,NA,NA,NA,NA,NA
"370","127_S_2213","m24",2,"3/3",82.29,NA,30,"6",8.67,NA,1058,29.86,"C2N_plasma_Abeta40",462.554,NA
"371","127_S_2213","m30",2,"3/3",82.29,NA,NA,"6",NA,NA,NA,NA,NA,NA,NA
"372","127_S_2213","m36",2,"3/3",82.29,NA,28,"6",15.33,NA,NA,NA,NA,NA,NA
"373","127_S_2213","m48",2,"3/3",82.29,NA,28,"6",21.33,NA,NA,NA,"C2N_plasma_Abeta40",439.046,NA
"374","127_S_2213","m60",2,"3/3",82.29,NA,27,"1|6",15.67,NA,NA,NA,NA,NA,NA
"375","127_S_2213","m72",2,"3/3",82.29,NA,28,"1|6",18.33,NA,NA,NA,NA,NA,NA
"376","127_S_2213","sc",2,"3/3",82.29,14,30,"6",NA,NA,NA,NA,NA,NA,NA
"377","127_S_2213","scmri",2,"3/3",82.29,NA,NA,NA,NA,NA,NA,NA,NA,NA,NA
"378","027_S_2219","bl",1,"3/3",74.3,NA,NA,"0",15.33,NA,2306,29.38,NA,NA,309232
"379","027_S_2219","m03",1,"3/3",74.3,NA,NA,NA,NA,NA,NA,NA,NA,NA,NA
"380","027_S_2219","m06",1,"3/3",74.3,NA,30,"0",19.33,NA,NA,NA,NA,NA,NA
"381","027_S_2219","m108",1,"3/3",74.3,NA,26,"0",18.33,NA,NA,NA,NA,NA,NA
"382","027_S_2219","m12",1,"3/3",74.3,NA,29,"0",20.67,NA,NA,NA,NA,NA,NA
"383","027_S_2219","m126",1,"3/3",74.3,NA,25,"0",31.33,NA,NA,NA,NA,NA,NA
"384","027_S_2219","m138",1,"3/3",74.3,NA,26,"6",29.67,NA,NA,NA,NA,NA,NA
"385","027_S_2219","m18",1,"3/3",74.3,NA,NA,"0",NA,NA,NA,NA,NA,NA,NA
"386","027_S_2219","m24",1,"3/3",74.3,18,29,"0",15,NA,NA,NA,"C2N_plasma_Abeta40",384.172,NA
"387","027_S_2219","m30",1,"3/3",74.3,NA,NA,"0",NA,NA,NA,NA,NA,NA,NA
"388","027_S_2219","m36",1,"3/3",74.3,NA,29,"0",17.33,NA,NA,NA,NA,NA,NA
"389","027_S_2219","m48",1,"3/3",74.3,NA,28,"0",22.33,NA,NA,NA,"C2N_plasma_Abeta40",395.313,NA
"390","027_S_2219","m60",1,"3/3",74.3,NA,30,"0",20.67,NA,NA,NA,NA,NA,NA
"391","027_S_2219","m72",1,"3/3",74.3,NA,30,"0",23.67,NA,NA,NA,"C2N_plasma_Abeta40",438.198,NA
"392","027_S_2219","m84",1,"3/3",74.3,NA,30,"0",18.67,NA,NA,NA,NA,NA,NA
"393","027_S_2219","m96",1,"3/3",74.3,NA,27,"0",20.33,NA,NA,NA,NA,NA,NA
"394","027_S_2219","sc",1,"3/3",74.3,18,29,"0",NA,NA,NA,NA,NA,NA,NA
"395","027_S_2219","scmri",1,"3/3",74.3,NA,NA,NA,NA,NA,NA,NA,NA,NA,NA
"396","094_S_2216","bl",1,"3/4",68.13,NA,NA,"0",16.33,NA,530,23.14,"C2N_plasma_Abeta40",330.659,422562
"397","094_S_2216","m03",1,"3/4",68.13,NA,NA,NA,NA,NA,NA,NA,NA,NA,NA
"398","094_S_2216","m06",1,"3/4",68.13,NA,24,"0",13.33,NA,NA,NA,NA,NA,NA
"399","094_S_2216","m12",1,"3/4",68.13,14,26,"1|4",20.33,NA,NA,NA,NA,NA,NA
"400","094_S_2216","m18",1,"3/4",68.13,NA,NA,"1|4|6",NA,NA,NA,NA,NA,NA,NA
"401","094_S_2216","m24",1,"3/4",68.13,NA,25,"1|4|6",19.33,NA,531.3,32.65,"C2N_plasma_Abeta40",339.38,NA
"402","094_S_2216","m30",1,"3/4",68.13,NA,NA,"1|4|6",NA,NA,NA,NA,NA,NA,NA
"403","094_S_2216","m36",1,"3/4",68.13,NA,20,"1|4|6",38.67,NA,NA,NA,NA,NA,NA
"404","094_S_2216","m48",1,"3/4",68.13,NA,11,"1|4|6",58.33,NA,NA,NA,"C2N_plasma_Abeta40",357.459,NA
"405","094_S_2216","m60",1,"3/4",68.13,NA,2,"1",73,NA,NA,NA,NA,NA,NA
"406","094_S_2216","sc",1,"3/4",68.13,14,27,"0",NA,NA,NA,NA,NA,NA,NA
"407","094_S_2216","scmri",1,"3/4",68.13,NA,NA,NA,NA,NA,NA,NA,NA,NA,NA
"408","141_S_2333","bl",1,"3/4",67,NA,NA,"0",15,NA,662.6,23.45,NA,NA,NA
"409","141_S_2333","m03",1,"3/4",67,NA,NA,NA,NA,NA,NA,NA,NA,NA,NA
"410","141_S_2333","m06",1,"3/4",67,NA,27,"0",11.67,NA,NA,NA,NA,NA,NA
"411","141_S_2333","m102",1,"3/4",67,NA,24,"0",21.67,NA,NA,NA,"C2N_plasma_Abeta40",339.103,NA
"412","141_S_2333","m12",1,"3/4",67,12,28,"0",11.67,NA,NA,NA,NA,NA,NA
"413","141_S_2333","m126",1,"3/4",67,NA,24,"1",23,NA,NA,NA,NA,NA,NA
"414","141_S_2333","m18",1,"3/4",67,NA,NA,"0",NA,NA,NA,NA,NA,NA,NA
"415","141_S_2333","m30",1,"3/4",67,NA,NA,"0",NA,NA,NA,NA,NA,NA,NA
"416","141_S_2333","m36",1,"3/4",67,NA,27,"0",14.67,NA,248.1,26.15,"C2N_plasma_Abeta40",334.531,NA
"417","141_S_2333","m48",1,"3/4",67,NA,24,"0",20.67,NA,NA,NA,NA,NA,NA
"418","141_S_2333","m78",1,"3/4",67,NA,29,"1",NA,NA,NA,NA,"C2N_plasma_Abeta40",382.478,NA
"419","141_S_2333","m90",1,"3/4",67,NA,24,"1",24,NA,NA,NA,NA,NA,NA
"420","141_S_2333","sc",1,"3/4",67,12,28,"0",NA,NA,NA,NA,NA,NA,NA
"421","141_S_2333","scmri",1,"3/4",67,NA,NA,NA,NA,NA,NA,NA,NA,NA,NA
"422","130_S_2373","bl",2,"3/4",79.06,NA,NA,"0",16,24830,780.7,67.02,NA,NA,268867
"423","130_S_2373","m03",2,"3/4",79.06,NA,NA,NA,NA,NA,NA,NA,NA,NA,NA
"424","130_S_2373","m06",2,"3/4",79.06,NA,26,"0",15.33,NA,NA,NA,NA,NA,NA
"425","130_S_2373","m108",2,"3/4",79.06,NA,24,"1|4|6",40,NA,NA,NA,NA,NA,NA
"426","130_S_2373","m12",2,"3/4",79.06,13,27,"0",22.33,NA,NA,NA,NA,NA,NA
"427","130_S_2373","m120",2,"3/4",79.06,NA,20,"1|4",35,24840,830.4,55.08,NA,NA,NA
"428","130_S_2373","m18",2,"3/4",79.06,NA,NA,"0",NA,NA,NA,NA,NA,NA,NA
"429","130_S_2373","m24",2,"3/4",79.06,NA,25,"0",19.33,21650,685.3,42.59,"C2N_plasma_Abeta40",359.702,NA
"430","130_S_2373","m30",2,"3/4",79.06,NA,NA,"0",NA,NA,NA,NA,NA,NA,NA
"431","130_S_2373","m36",2,"3/4",79.06,NA,26,"0",21.67,NA,NA,NA,NA,NA,NA
"432","130_S_2373","m48",2,"3/4",79.06,NA,25,"0",22.67,21890,725.4,40.52,NA,NA,NA
"433","130_S_2373","m60",2,"3/4",79.06,NA,22,"1",25,NA,NA,NA,NA,NA,NA
"434","130_S_2373","m72",2,"3/4",79.06,NA,24,"1|4|6",26,24660,755.2,49.21,"C2N_plasma_Abeta40",399.872,NA
"435","130_S_2373","m84",2,"3/4",79.06,NA,26,"1|4",35.33,NA,NA,NA,NA,NA,NA
"436","130_S_2373","m96",2,"3/4",79.06,NA,23,"1|4",36.33,23170,676.3,50.76,"C2N_plasma_Abeta40",472.455,NA
"437","130_S_2373","sc",2,"3/4",79.06,13,29,"0",NA,NA,NA,NA,NA,NA,NA
"438","130_S_2373","scmri",2,"3/4",79.06,NA,NA,NA,NA,NA,NA,NA,NA,NA,NA
"439","036_S_2380","bl",1,"4/4",67.84,NA,NA,"0",19.67,NA,696.5,21.81,NA,NA,426497
"440","036_S_2380","m03",1,"4/4",67.84,NA,NA,NA,NA,NA,NA,NA,NA,NA,NA
"441","036_S_2380","m06",1,"4/4",67.84,NA,28,"0",19.33,NA,NA,NA,NA,NA,NA
"442","036_S_2380","m114",1,"4/4",67.84,NA,24,"0",34,NA,NA,NA,"C2N_plasma_Abeta40",551.56,NA
"443","036_S_2380","m12",1,"4/4",67.84,16,28,"0",17.33,NA,NA,NA,NA,NA,NA
"444","036_S_2380","m18",1,"4/4",67.84,NA,NA,"0",NA,NA,NA,NA,NA,NA,NA
"445","036_S_2380","m24",1,"4/4",67.84,NA,30,"0",17,NA,NA,NA,"C2N_plasma_Abeta40",507.16,NA
"446","036_S_2380","m30",1,"4/4",67.84,NA,NA,"0",NA,NA,NA,NA,NA,NA,NA
"447","036_S_2380","m36",1,"4/4",67.84,NA,28,"0",18,NA,NA,NA,NA,NA,NA
"448","036_S_2380","m48",1,"4/4",67.84,NA,26,"0",24.33,NA,NA,NA,NA,NA,NA
"449","036_S_2380","m60",1,"4/4",67.84,NA,28,"0",20,NA,NA,NA,NA,NA,NA
"450","036_S_2380","m72",1,"4/4",67.84,NA,26,"0",20.67,NA,NA,NA,NA,NA,NA
"451","036_S_2380","m84",1,"4/4",67.84,NA,30,"0",23.33,NA,NA,NA,"C2N_plasma_Abeta40",506.282,NA
"452","036_S_2380","m96",1,"4/4",67.84,NA,NA,"0",NA,NA,NA,NA,NA,NA,NA
"453","036_S_2380","sc",1,"4/4",67.84,16,28,"0",NA,NA,NA,NA,NA,NA,NA
"454","036_S_2380","scmri",1,"4/4",67.84,NA,NA,NA,NA,NA,NA,NA,NA,NA,NA
"455","029_S_2376","bl",1,"3/4",81.92,NA,NA,"0",19.33,NA,NA,NA,"QX_plasma_Ab40",105,310705
"456","029_S_2376","m03",1,"3/4",81.92,NA,NA,NA,NA,NA,NA,NA,NA,NA,NA
"457","029_S_2376","m06",1,"3/4",81.92,NA,28,"0",11.67,NA,NA,NA,NA,NA,NA
"458","029_S_2376","m12",1,"3/4",81.92,17,30,"3",15.33,NA,NA,NA,NA,NA,NA
"459","029_S_2376","m18",1,"3/4",81.92,NA,NA,"1|4",NA,NA,NA,NA,NA,NA,NA
"460","029_S_2376","m24",1,"3/4",81.92,NA,29,"1|4",16.67,NA,NA,NA,"QX_plasma_Ab40",97.6,NA
"461","029_S_2376","m30",1,"3/4",81.92,NA,NA,"1|4",NA,NA,NA,NA,NA,NA,NA
"462","029_S_2376","m48",1,"3/4",81.92,NA,26,"4",19.67,NA,NA,NA,NA,NA,NA
"463","029_S_2376","sc",1,"3/4",81.92,17,28,"0",NA,NA,NA,NA,NA,NA,NA
"464","029_S_2376","scmri",1,"3/4",81.92,NA,NA,NA,NA,NA,NA,NA,NA,NA,NA
"465","009_S_2381","bl",1,"4/4",69.17,NA,NA,"0",15,NA,684.7,57.7,"QX_plasma_Ab40",69.4,NA
"466","009_S_2381","m03",1,"4/4",69.17,NA,NA,NA,NA,NA,NA,NA,NA,NA,NA
"467","009_S_2381","m06",1,"4/4",69.17,NA,26,"0",10.33,NA,NA,NA,NA,NA,NA
"468","009_S_2381","m12",1,"4/4",69.17,16,28,"1",11.33,NA,NA,NA,NA,NA,NA
"469","009_S_2381","m18",1,"4/4",69.17,NA,NA,"1",NA,NA,NA,NA,NA,NA,NA
"470","009_S_2381","m24",1,"4/4",69.17,NA,28,"1",18.33,NA,769.1,65.15,"QX_plasma_Ab40",101,NA
"471","009_S_2381","m30",1,"4/4",69.17,NA,NA,"1",NA,NA,NA,NA,NA,NA,NA
"472","009_S_2381","m36",1,"4/4",69.17,NA,29,"1",15,NA,NA,NA,NA,NA,NA
"473","009_S_2381","m48",1,"4/4",69.17,NA,26,"1",21,NA,NA,NA,"QX_plasma_Ab40",72.1,NA
"474","009_S_2381","sc",1,"4/4",69.17,16,28,"0",NA,NA,NA,NA,NA,NA,NA
"475","009_S_2381","scmri",1,"4/4",69.17,NA,NA,NA,NA,NA,NA,NA,NA,NA,NA
"476","130_S_2391","bl",2,"3/4",71.75,NA,NA,"1|6",21,NA,412.7,19.78,"C2N_plasma_Abeta40",425.872,267947
"477","130_S_2391","m03",2,"3/4",71.75,NA,NA,NA,NA,NA,NA,NA,NA,NA,NA
"478","130_S_2391","m06",2,"3/4",71.75,NA,25,"1",18.67,NA,NA,NA,NA,NA,NA
"479","130_S_2391","m12",2,"3/4",71.75,12,26,"1|6",18.67,NA,NA,NA,NA,NA,NA
"480","130_S_2391","m24",2,"3/4",71.75,NA,27,"1|6",22.67,NA,506.9,22.76,"C2N_plasma_Abeta40",436.003,NA
"481","130_S_2391","m36",2,"3/4",71.75,NA,25,"1|6",28,NA,NA,NA,NA,NA,NA
"482","130_S_2391","m48",2,"3/4",71.75,NA,22,"1",35.67,NA,340.5,22.37,"C2N_plasma_Abeta40",447.281,NA
"483","130_S_2391","m60",2,"3/4",71.75,NA,22,"1",33.67,NA,NA,NA,NA,NA,NA
"484","130_S_2391","sc",2,"3/4",71.75,12,26,"1|6",NA,NA,NA,NA,NA,NA,NA
"485","130_S_2391","scmri",2,"3/4",71.75,NA,NA,NA,NA,NA,NA,NA,NA,NA,NA
"486","098_S_4003","bl",2,"3/4",72.31,NA,NA,"0",10,23360,1163,25.87,NA,NA,NA
"487","098_S_4003","m03",2,"3/4",72.31,NA,NA,NA,NA,NA,NA,NA,NA,NA,NA
"488","098_S_4003","m06",2,"3/4",72.31,NA,30,"0",11.33,NA,NA,NA,NA,NA,NA
"489","098_S_4003","m102",2,"3/4",72.31,NA,28,"0",11,18780,869.6,23.26,"C2N_plasma_Abeta40",461.651,NA
"490","098_S_4003","m12",2,"3/4",72.31,NA,29,"0",9.67,NA,NA,NA,NA,NA,NA
"491","098_S_4003","m120",2,"3/4",72.31,NA,NA,NA,NA,NA,NA,NA,NA,NA,NA
"492","098_S_4003","m132",2,"3/4",72.31,NA,25,NA,12.67,NA,NA,NA,NA,NA,NA
"493","098_S_4003","m156",2,"3/4",72.31,NA,NA,NA,NA,NA,NA,NA,NA,NA,NA
"494","098_S_4003","m18",2,"3/4",72.31,NA,NA,"0",NA,NA,NA,NA,NA,NA,NA
"495","098_S_4003","m24",2,"3/4",72.31,NA,30,"0",9,20850,959.2,27.17,"C2N_plasma_Abeta40",440.873,NA
"496","098_S_4003","m30",2,"3/4",72.31,NA,NA,"0",NA,NA,NA,NA,NA,NA,NA
"497","098_S_4003","m36",2,"3/4",72.31,NA,30,"0",9,NA,NA,NA,NA,NA,NA
"498","098_S_4003","m60",2,"3/4",72.31,NA,30,"0",12.67,NA,1123,29.25,"C2N_plasma_Abeta40",511.038,NA
"499","098_S_4003","m78",2,"3/4",72.31,NA,29,"0",8,20990,886.6,26.49,NA,NA,NA
"500","098_S_4003","m96",2,"3/4",72.31,NA,NA,NA,NA,NA,NA,NA,NA,NA,NA
"501","098_S_4003","sc",2,"3/4",72.31,16,30,"0",NA,NA,NA,NA,NA,NA,NA
"502","098_S_4003","scmri",2,"3/4",72.31,NA,NA,NA,NA,NA,NA,NA,NA,NA,NA
"503","041_S_4014","bl",1,"3/3",80.73,NA,NA,"0",10.33,NA,443.5,30.92,"C2N_plasma_Abeta40",460.532,NA
"504","041_S_4014","m03",1,"3/3",80.73,NA,NA,NA,NA,NA,NA,NA,NA,NA,NA
"505","041_S_4014","m06",1,"3/3",80.73,NA,28,"0",9.67,NA,NA,NA,NA,NA,NA
"506","041_S_4014","m12",1,"3/3",80.73,NA,29,"0",15.67,NA,NA,NA,NA,NA,NA
"507","041_S_4014","m18",1,"3/3",80.73,NA,NA,"0",NA,NA,NA,NA,NA,NA,NA
"508","041_S_4014","m24",1,"3/3",80.73,NA,27,"0",12.33,NA,539,33.57,"C2N_plasma_Abeta40",463.489,NA
"509","041_S_4014","m30",1,"3/3",80.73,NA,NA,"0",NA,NA,NA,NA,NA,NA,NA
"510","041_S_4014","m48",1,"3/3",80.73,NA,30,"7",13.33,NA,489.1,41.84,"C2N_plasma_Abeta40",416.781,NA
"511","041_S_4014","sc",1,"3/3",80.73,16,29,"0",NA,NA,NA,NA,NA,NA,NA
"512","041_S_4014","scmri",1,"3/3",80.73,NA,NA,NA,NA,NA,NA,NA,NA,NA,NA
"513","037_S_4030","bl",2,"3/4",68.4,NA,NA,"1|6",15.67,NA,NA,NA,NA,NA,NA
"514","037_S_4030","m03",2,"3/4",68.4,NA,NA,NA,NA,NA,NA,NA,NA,NA,NA
"515","037_S_4030","m06",2,"3/4",68.4,NA,25,"1|6",16,NA,NA,NA,NA,NA,NA
"516","037_S_4030","m102",2,"3/4",68.4,NA,NA,"7",NA,NA,NA,NA,NA,NA,NA
"517","037_S_4030","m12",2,"3/4",68.4,NA,25,"1|6",16.67,NA,NA,NA,NA,NA,NA
"518","037_S_4030","m18",2,"3/4",68.4,NA,NA,"1|6",NA,NA,NA,NA,NA,NA,NA
"519","037_S_4030","m24",2,"3/4",68.4,NA,24,"1|6",29.67,NA,767.3,32.41,"C2N_plasma_Abeta40",435.206,NA
"520","037_S_4030","m30",2,"3/4",68.4,NA,NA,"1|6",NA,NA,NA,NA,NA,NA,NA
"521","037_S_4030","m36",2,"3/4",68.4,NA,24,"1|6",NA,NA,NA,NA,NA,NA,NA
"522","037_S_4030","m48",2,"3/4",68.4,NA,18,"1|6",45.33,NA,544.5,30.72,"C2N_plasma_Abeta40",459.276,NA
"523","037_S_4030","m60",2,"3/4",68.4,NA,14,"1|4|6",62,NA,NA,NA,NA,NA,NA
"524","037_S_4030","m78",2,"3/4",68.4,NA,9,"1|4|6",54.67,13840,567,28.79,"C2N_plasma_Abeta40",488.25,NA
"525","037_S_4030","m90",2,"3/4",68.4,NA,5,"1|4|6",NA,NA,NA,NA,NA,NA,NA
"526","037_S_4030","sc",2,"3/4",68.4,12,25,"1|6",NA,NA,NA,NA,NA,NA,NA
"527","037_S_4030","scmri",2,"3/4",68.4,NA,NA,NA,NA,NA,NA,NA,NA,NA,NA
"528","941_S_4100","bl",2,"3/3",78.57,NA,NA,"0",7,NA,889.9,28.58,"C2N_plasma_Abeta40",447.167,NA
"529","941_S_4100","m03",2,"3/3",78.57,NA,NA,NA,NA,NA,NA,NA,NA,NA,NA
"530","941_S_4100","m06",2,"3/3",78.57,NA,28,"0",7.33,NA,NA,NA,NA,NA,NA
"531","941_S_4100","m12",2,"3/3",78.57,NA,29,"0",11.33,NA,NA,NA,NA,NA,NA
"532","941_S_4100","m18",2,"3/3",78.57,NA,NA,"0",NA,NA,NA,NA,NA,NA,NA
"533","941_S_4100","m24",2,"3/3",78.57,NA,30,"0",9.67,NA,NA,NA,NA,NA,NA
"534","941_S_4100","m48",2,"3/3",78.57,NA,25,"0",14.33,NA,NA,NA,"C2N_plasma_Abeta40",435.556,NA
"535","941_S_4100","m72",2,"3/3",78.57,NA,27,"0",24.33,NA,NA,NA,"C2N_plasma_Abeta40",624.453,NA
"536","941_S_4100","m90",2,"3/3",78.57,NA,29,"0",16,NA,NA,NA,NA,NA,NA
"537","941_S_4100","sc",2,"3/3",78.57,12,28,"0",NA,NA,NA,NA,NA,NA,NA
"538","941_S_4100","scmri",2,"3/3",78.57,NA,NA,NA,NA,NA,NA,NA,NA,NA,NA
"539","035_S_4114","bl",2,"3/4",55.08,NA,NA,"0",17,NA,916.1,47.82,NA,NA,NA
"540","035_S_4114","m03",2,"3/4",55.08,NA,NA,NA,NA,NA,NA,NA,NA,NA,NA
"541","035_S_4114","m06",2,"3/4",55.08,NA,27,"0",21,NA,NA,NA,NA,NA,NA
"542","035_S_4114","m108",2,"3/4",55.08,NA,NA,NA,NA,NA,NA,NA,NA,NA,NA
"543","035_S_4114","m12",2,"3/4",55.08,NA,27,"0",20.67,NA,NA,NA,NA,NA,NA
"544","035_S_4114","m120",2,"3/4",55.08,NA,NA,NA,NA,NA,NA,NA,NA,NA,NA
"545","035_S_4114","m138",2,"3/4",55.08,NA,NA,"4",NA,NA,NA,NA,NA,NA,NA
"546","035_S_4114","m24",2,"3/4",55.08,NA,27,"6",27,NA,NA,NA,"C2N_plasma_Abeta40",383.483,NA
"547","035_S_4114","m30",2,"3/4",55.08,NA,NA,"6",NA,NA,NA,NA,NA,NA,NA
"548","035_S_4114","m36",2,"3/4",55.08,NA,27,"6",22,NA,NA,NA,NA,NA,NA
"549","035_S_4114","m48",2,"3/4",55.08,NA,25,"6",25.33,NA,NA,NA,"C2N_plasma_Abeta40",340.773,NA
"550","035_S_4114","m60",2,"3/4",55.08,NA,24,"6",23.33,NA,NA,NA,NA,NA,NA
"551","035_S_4114","m72",2,"3/4",55.08,NA,27,"6",15.67,NA,NA,NA,"QX_plasma_Ab40",91.2,NA
"552","035_S_4114","m84",2,"3/4",55.08,NA,28,"0",19,NA,NA,NA,NA,NA,NA
"553","035_S_4114","m96",2,"3/4",55.08,NA,25,"0",24.33,NA,NA,NA,"C2N_plasma_Abeta40",412.999,NA
"554","035_S_4114","sc",2,"3/4",55.08,14,28,"0",NA,NA,NA,NA,NA,NA,NA
"555","035_S_4114","scmri",2,"3/4",55.08,NA,NA,NA,NA,NA,NA,NA,NA,NA,NA
"556","011_S_4120","bl",2,"3/3",81.84,NA,NA,"0",19.33,NA,666.1,30.52,"C2N_plasma_Abeta40",574.713,NA
"557","011_S_4120","m03",2,"3/3",81.84,NA,NA,NA,NA,NA,NA,NA,NA,NA,NA
"558","011_S_4120","m06",2,"3/3",81.84,NA,30,"0",19.67,NA,NA,NA,NA,NA,NA
"559","011_S_4120","m12",2,"3/3",81.84,NA,30,"0",17,NA,NA,NA,NA,NA,NA
"560","011_S_4120","m18",2,"3/3",81.84,NA,NA,"0",NA,NA,NA,NA,NA,NA,NA
"561","011_S_4120","m24",2,"3/3",81.84,NA,27,"0",15.33,NA,624.8,28.71,"C2N_plasma_Abeta40",535.374,NA
"562","011_S_4120","m30",2,"3/3",81.84,NA,NA,"0",NA,NA,NA,NA,NA,NA,NA
"563","011_S_4120","m36",2,"3/3",81.84,NA,NA,NA,NA,NA,NA,NA,NA,NA,NA
"564","011_S_4120","m48",2,"3/3",81.84,NA,29,"0",23,NA,582.6,28.43,"C2N_plasma_Abeta40",551.163,NA
"565","011_S_4120","sc",2,"3/3",81.84,17,30,"0",NA,NA,NA,NA,NA,NA,NA
"566","011_S_4120","scmri",2,"3/3",81.84,NA,NA,NA,NA,NA,NA,NA,NA,NA,NA
"567","012_S_4128","bl",2,"3/4",72.86,NA,NA,"6",12,NA,879.1,22.98,"C2N_plasma_Abeta40",463.391,NA
"568","012_S_4128","m03",2,"3/4",72.86,NA,NA,NA,NA,NA,NA,NA,NA,NA,NA
"569","012_S_4128","m06",2,"3/4",72.86,NA,27,"6",22.33,NA,NA,NA,NA,NA,NA
"570","012_S_4128","m12",2,"3/4",72.86,NA,26,"6",17,NA,NA,NA,NA,NA,NA
"571","012_S_4128","m18",2,"3/4",72.86,NA,NA,"6",NA,NA,NA,NA,NA,NA,NA
"572","012_S_4128","m24",2,"3/4",72.86,NA,24,"6",14,NA,903,23.77,"C2N_plasma_Abeta40",471.882,NA
"573","012_S_4128","m30",2,"3/4",72.86,NA,NA,"6",NA,NA,NA,NA,NA,NA,NA
"574","012_S_4128","m36",2,"3/4",72.86,NA,24,"6",15.33,NA,NA,NA,NA,NA,NA
"575","012_S_4128","m48",2,"3/4",72.86,NA,24,"6",21.67,NA,NA,NA,"C2N_plasma_Abeta40",437.943,NA
"576","012_S_4128","sc",2,"3/4",72.86,12,24,"6",NA,NA,NA,NA,NA,NA,NA
"577","012_S_4128","scmri",2,"3/4",72.86,NA,NA,NA,NA,NA,NA,NA,NA,NA,NA
"578","116_S_4167","bl",2,"3/4",69.59,NA,NA,"1",26.67,NA,645.3,29.43,"C2N_plasma_Abeta40",471.584,NA
"579","116_S_4167","m03",2,"3/4",69.59,NA,NA,NA,NA,NA,NA,NA,NA,NA,NA
"580","116_S_4167","m06",2,"3/4",69.59,NA,25,"1|4",25.33,NA,NA,NA,NA,NA,NA
"581","116_S_4167","m12",2,"3/4",69.59,NA,23,"1|4",24.33,NA,NA,NA,NA,NA,NA
"582","116_S_4167","m126",2,"3/4",69.59,NA,NA,NA,NA,NA,NA,NA,NA,NA,NA
"583","116_S_4167","m18",2,"3/4",69.59,NA,NA,"1|4",NA,NA,NA,NA,NA,NA,NA
"584","116_S_4167","m24",2,"3/4",69.59,NA,21,"1|4",30,NA,519.3,27.42,"C2N_plasma_Abeta40",410.817,NA
"585","116_S_4167","m30",2,"3/4",69.59,NA,NA,"1|4",NA,NA,NA,NA,NA,NA,NA
"586","116_S_4167","m36",2,"3/4",69.59,NA,18,"1|4",34.33,NA,NA,NA,NA,NA,NA
"587","116_S_4167","m48",2,"3/4",69.59,NA,15,"4",42,NA,NA,NA,"C2N_plasma_Abeta40",468.333,NA
"588","116_S_4167","m60",2,"3/4",69.59,NA,11,"4|6|7",NA,NA,NA,NA,NA,NA,NA
"589","116_S_4167","sc",2,"3/4",69.59,16,28,"1",NA,NA,NA,NA,NA,NA,NA
"590","116_S_4167","scmri",2,"3/4",69.59,NA,NA,NA,NA,NA,NA,NA,NA,NA,NA
"591","033_S_4179","AUT",1,"4/4",83.02,NA,NA,NA,NA,NA,NA,NA,NA,NA,NA
"592","033_S_4179","bl",1,"4/4",83.02,NA,NA,"0",12.33,9400,301.4,22.03,NA,NA,NA
"593","033_S_4179","m03",1,"4/4",83.02,NA,NA,NA,NA,NA,NA,NA,NA,NA,NA
"594","033_S_4179","m06",1,"4/4",83.02,NA,29,"0",8.67,NA,NA,NA,NA,NA,NA
"595","033_S_4179","m102",1,"4/4",83.02,NA,27,"1",20.33,9450,301.2,28.47,NA,NA,NA
"596","033_S_4179","m114",1,"4/4",83.02,NA,NA,NA,NA,NA,NA,NA,NA,NA,NA
"597","033_S_4179","m12",1,"4/4",83.02,NA,30,"0",13.33,NA,NA,NA,NA,NA,NA
"598","033_S_4179","m18",1,"4/4",83.02,NA,NA,"0",NA,NA,NA,NA,NA,NA,NA
"599","033_S_4179","m24",1,"4/4",83.02,NA,27,"0",11.33,NA,325.6,22.85,"C2N_plasma_Abeta40",363.911,NA
"600","033_S_4179","m30",1,"4/4",83.02,NA,NA,"0",NA,NA,NA,NA,NA,NA,NA
"601","033_S_4179","m48",1,"4/4",83.02,NA,27,"0",12,12260,374.9,27.75,"C2N_plasma_Abeta40",398.7,NA
"602","033_S_4179","m78",1,"4/4",83.02,NA,25,"0",18.33,11450,375.4,27.36,"C2N_plasma_Abeta40",400.052,NA
"603","033_S_4179","m90",1,"4/4",83.02,NA,26,"1",19.33,NA,NA,NA,NA,NA,NA
"604","033_S_4179","sc",1,"4/4",83.02,20,30,"0",NA,NA,NA,NA,NA,NA,NA
"605","033_S_4179","scmri",1,"4/4",83.02,NA,NA,NA,NA,NA,NA,NA,NA,NA,NA
"606","033_S_4176","bl",1,"3/4",84.02,NA,NA,"0",9.33,29110,821.7,47.95,NA,NA,NA
"607","033_S_4176","m03",1,"3/4",84.02,NA,NA,NA,NA,NA,NA,NA,NA,NA,NA
"608","033_S_4176","m06",1,"3/4",84.02,NA,30,"0",11.33,NA,NA,NA,NA,NA,NA
"609","033_S_4176","m102",1,"3/4",84.02,NA,28,"0",12.33,31610,1046,48.27,"C2N_plasma_Abeta40",597.201,NA
"610","033_S_4176","m114",1,"3/4",84.02,NA,NA,NA,NA,NA,NA,NA,NA,NA,NA
"611","033_S_4176","m12",1,"3/4",84.02,NA,28,"0",9.33,NA,NA,NA,NA,NA,NA
"612","033_S_4176","m126",1,"3/4",84.02,NA,25,"0",16,31140,908.4,51.15,NA,NA,NA
"613","033_S_4176","m168",1,"3/4",84.02,NA,NA,NA,NA,NA,NA,NA,NA,NA,NA
"614","033_S_4176","m18",1,"3/4",84.02,NA,NA,"0",NA,NA,NA,NA,NA,NA,NA
"615","033_S_4176","m24",1,"3/4",84.02,NA,30,"0",8.67,NA,1225,49.98,"C2N_plasma_Abeta40",499.356,NA
"616","033_S_4176","m30",1,"3/4",84.02,NA,NA,"0",NA,NA,NA,NA,NA,NA,NA
"617","033_S_4176","m48",1,"3/4",84.02,NA,30,"0",8.67,34870,1042,53.28,NA,NA,NA
"618","033_S_4176","m78",1,"3/4",84.02,NA,30,"0",10.33,32120,1099,42.84,"C2N_plasma_Abeta40",626.935,NA
"619","033_S_4176","m90",1,"3/4",84.02,NA,29,"0",12.33,NA,NA,NA,NA,NA,NA
"620","033_S_4176","sc",1,"3/4",84.02,20,30,"0",NA,NA,NA,NA,NA,NA,NA
"621","033_S_4176","scmri",1,"3/4",84.02,NA,NA,NA,NA,NA,NA,NA,NA,NA,NA
"622","127_S_4197","bl",1,"3/4",79.37,NA,NA,"0",15.33,NA,555.4,17.74,"C2N_plasma_Abeta40",396.563,NA
"623","127_S_4197","m03",1,"3/4",79.37,NA,NA,NA,NA,NA,NA,NA,NA,NA,NA
"624","127_S_4197","m06",1,"3/4",79.37,NA,29,"4",9.33,NA,NA,NA,NA,NA,NA
"625","127_S_4197","m12",1,"3/4",79.37,NA,28,"1",15.33,NA,NA,NA,NA,NA,NA
"626","127_S_4197","m18",1,"3/4",79.37,NA,NA,"1",NA,NA,NA,NA,NA,NA,NA
"627","127_S_4197","m24",1,"3/4",79.37,NA,29,"1",19.33,NA,567.3,19.58,NA,NA,NA
"628","127_S_4197","m30",1,"3/4",79.37,NA,NA,"1",NA,NA,NA,NA,NA,NA,NA
"629","127_S_4197","m36",1,"3/4",79.37,NA,27,"1",17.67,NA,NA,NA,NA,NA,NA
"630","127_S_4197","m48",1,"3/4",79.37,NA,26,"1",22,NA,600.1,17.78,"C2N_plasma_Abeta40",381.952,NA
"631","127_S_4197","m60",1,"3/4",79.37,NA,25,"1",24,NA,NA,NA,NA,NA,NA
"632","127_S_4197","m72",1,"3/4",79.37,NA,29,"1",25.33,14540,744,19.31,"C2N_plasma_Abeta40",503.471,NA
"633","127_S_4197","m84",1,"3/4",79.37,NA,27,"1",28,NA,NA,NA,NA,NA,NA
"634","127_S_4197","sc",1,"3/4",79.37,20,30,"0",NA,NA,NA,NA,NA,NA,NA
"635","127_S_4197","scmri",1,"3/4",79.37,NA,NA,NA,NA,NA,NA,NA,NA,NA,NA
"636","012_S_4188","bl",1,"3/4",77.23,NA,NA,"0",26.67,NA,485.5,27.59,NA,NA,NA
"637","012_S_4188","m03",1,"3/4",77.23,NA,NA,NA,NA,NA,NA,NA,NA,NA,NA
"638","012_S_4188","m06",1,"3/4",77.23,NA,26,"0",31,NA,NA,NA,NA,NA,NA
"639","012_S_4188","m12",1,"3/4",77.23,NA,25,"0",27.33,NA,NA,NA,NA,NA,NA
"640","012_S_4188","m18",1,"3/4",77.23,NA,NA,"0",NA,NA,NA,NA,NA,NA,NA
"641","012_S_4188","m24",1,"3/4",77.23,NA,28,"0",27.33,NA,447.8,27.81,"C2N_plasma_Abeta40",373.339,NA
"642","012_S_4188","m30",1,"3/4",77.23,NA,NA,"0",NA,NA,NA,NA,NA,NA,NA
"643","012_S_4188","m36",1,"3/4",77.23,NA,24,"1",32,NA,NA,NA,NA,NA,NA
"644","012_S_4188","m48",1,"3/4",77.23,NA,21,"1",32.33,NA,567.5,32.42,"C2N_plasma_Abeta40",268.895,NA
"645","012_S_4188","m72",1,"3/4",77.23,NA,20,"1|4",NA,NA,NA,NA,NA,NA,NA
"646","012_S_4188","m96",1,"3/4",77.23,NA,19,"1|4",43,11040,401.7,27.06,"C2N_plasma_Abeta40",474.899,NA
"647","012_S_4188","sc",1,"3/4",77.23,14,28,"0",NA,NA,NA,NA,NA,NA,NA
"648","012_S_4188","scmri",1,"3/4",77.23,NA,NA,NA,NA,NA,NA,NA,NA,NA,NA
"649","037_S_4146","bl",1,"4/4",61.83,NA,NA,"6",11.67,NA,519.9,19.83,"C2N_plasma_Abeta40",366.827,NA
"650","037_S_4146","m03",1,"4/4",61.83,NA,NA,NA,NA,NA,NA,NA,NA,NA,NA
"651","037_S_4146","m06",1,"4/4",61.83,NA,29,"6",10.67,NA,NA,NA,NA,NA,NA
"652","037_S_4146","m12",1,"4/4",61.83,NA,28,"6",13.67,NA,NA,NA,NA,NA,NA
"653","037_S_4146","m18",1,"4/4",61.83,NA,NA,"6",NA,NA,NA,NA,NA,NA,NA
"654","037_S_4146","m24",1,"4/4",61.83,NA,30,"6",10.33,NA,647,24.03,"C2N_plasma_Abeta40",382.566,NA
"655","037_S_4146","m30",1,"4/4",61.83,NA,NA,"6",NA,NA,NA,NA,NA,NA,NA
"656","037_S_4146","m36",1,"4/4",61.83,NA,29,"6",14.33,NA,NA,NA,NA,NA,NA
"657","037_S_4146","m48",1,"4/4",61.83,NA,29,"0",16,NA,507.8,21.95,"C2N_plasma_Abeta40",375.316,NA
"658","037_S_4146","m66",1,"4/4",61.83,NA,NA,"0",NA,NA,NA,NA,NA,NA,NA
"659","037_S_4146","m84",1,"4/4",61.83,NA,NA,NA,NA,NA,NA,NA,NA,NA,NA
"660","037_S_4146","sc",1,"4/4",61.83,14,28,"6",NA,NA,NA,NA,NA,NA,NA
"661","037_S_4146","scmri",1,"4/4",61.83,NA,NA,NA,NA,NA,NA,NA,NA,NA,NA
"662","002_S_4225","bl",1,"3/4",69.92,NA,NA,"0",11,NA,713.7,38.07,NA,NA,NA
"663","002_S_4225","m03",1,"3/4",69.92,NA,NA,NA,NA,NA,NA,NA,NA,NA,NA
"664","002_S_4225","m06",1,"3/4",69.92,NA,27,"0",3,NA,NA,NA,NA,NA,NA
"665","002_S_4225","m12",1,"3/4",69.92,NA,29,"0",3.67,NA,NA,NA,NA,NA,NA
"666","002_S_4225","m18",1,"3/4",69.92,NA,NA,"0",NA,NA,NA,NA,NA,NA,NA
"667","002_S_4225","m24",1,"3/4",69.92,NA,30,"0",6.33,NA,717.9,48.51,"C2N_plasma_Abeta40",368.324,NA
"668","002_S_4225","m30",1,"3/4",69.92,NA,NA,"0",NA,NA,NA,NA,NA,NA,NA
"669","002_S_4225","m48",1,"3/4",69.92,NA,29,"0",8,NA,NA,NA,"C2N_plasma_Abeta40",417.388,NA
"670","002_S_4225","m84",1,"3/4",69.92,NA,21,"0",34.33,NA,NA,NA,"C2N_plasma_Abeta40",447.203,NA
"671","002_S_4225","m96",1,"3/4",69.92,NA,24,"1",30,NA,NA,NA,NA,NA,NA
"672","002_S_4225","sc",1,"3/4",69.92,20,28,"0",NA,NA,NA,NA,NA,NA,NA
"673","002_S_4225","scmri",1,"3/4",69.92,NA,NA,NA,NA,NA,NA,NA,NA,NA,NA
"674","011_S_4235","bl",1,"3/3",63.85,NA,NA,"6",13.67,NA,697.2,32.64,"C2N_plasma_Abeta40",301.199,NA
"675","011_S_4235","m03",1,"3/3",63.85,NA,NA,NA,NA,NA,NA,NA,NA,NA,NA
"676","011_S_4235","m06",1,"3/3",63.85,NA,28,"1",12.33,NA,NA,NA,NA,NA,NA
"677","011_S_4235","m12",1,"3/3",63.85,NA,27,"1",16.67,NA,NA,NA,NA,NA,NA
"678","011_S_4235","m18",1,"3/3",63.85,NA,NA,"1",NA,NA,NA,NA,NA,NA,NA
"679","011_S_4235","m24",1,"3/3",63.85,NA,25,"1",16.33,NA,641,31.95,"C2N_plasma_Abeta40",436.883,NA
"680","011_S_4235","m30",1,"3/3",63.85,NA,NA,"1",NA,NA,NA,NA,NA,NA,NA
"681","011_S_4235","m36",1,"3/3",63.85,NA,25,"1",20,NA,NA,NA,NA,NA,NA
"682","011_S_4235","m48",1,"3/3",63.85,NA,29,"1",16.67,NA,570.9,29.61,"C2N_plasma_Abeta40",284.364,NA
"683","011_S_4235","m60",1,"3/3",63.85,NA,25,"1",17.33,NA,NA,NA,NA,NA,NA
"684","011_S_4235","sc",1,"3/3",63.85,16,27,"1|6",NA,NA,NA,NA,NA,NA,NA
"685","011_S_4235","scmri",1,"3/3",63.85,NA,NA,NA,NA,NA,NA,NA,NA,NA,NA
"686","002_S_4262","bl",2,"3/3",72.88,NA,NA,"0",8.67,NA,790.5,34.28,"C2N_plasma_Abeta40",467.536,NA
"687","002_S_4262","m03",2,"3/3",72.88,NA,NA,NA,NA,NA,NA,NA,NA,NA,NA
"688","002_S_4262","m06",2,"3/3",72.88,NA,29,"0",7,NA,NA,NA,NA,NA,NA
"689","002_S_4262","m12",2,"3/3",72.88,NA,30,"0",2.33,NA,NA,NA,NA,NA,NA
"690","002_S_4262","m18",2,"3/3",72.88,NA,NA,"0",NA,NA,NA,NA,NA,NA,NA
"691","002_S_4262","m24",2,"3/3",72.88,NA,27,"0",5.67,NA,848.4,40.18,"C2N_plasma_Abeta40",608.102,NA
"692","002_S_4262","m30",2,"3/3",72.88,NA,NA,"0",NA,NA,NA,NA,NA,NA,NA
"693","002_S_4262","m36",2,"3/3",72.88,NA,26,"0",4,NA,NA,NA,NA,NA,NA
"694","002_S_4262","m48",2,"3/3",72.88,NA,25,"5",13.67,NA,728.8,38.42,"C2N_plasma_Abeta40",503.74,NA
"695","002_S_4262","m60",2,"3/3",72.88,NA,19,"6",25.67,NA,NA,NA,NA,NA,NA
"696","002_S_4262","sc",2,"3/3",72.88,16,29,"0",NA,NA,NA,NA,NA,NA,NA
"697","002_S_4262","scmri",2,"3/3",72.88,NA,NA,NA,NA,NA,NA,NA,NA,NA,NA
"698","941_S_4255","bl",1,"3/4",72.47,NA,NA,"7",10.67,NA,NA,NA,"C2N_plasma_Abeta40",422.547,NA
"699","941_S_4255","m03",1,"3/4",72.47,NA,NA,NA,NA,NA,NA,NA,NA,NA,NA
"700","941_S_4255","m06",1,"3/4",72.47,NA,30,"7",5.67,NA,NA,NA,NA,NA,NA
"701","941_S_4255","m114",1,"3/4",72.47,NA,NA,NA,NA,NA,NA,NA,NA,NA,NA
"702","941_S_4255","m12",1,"3/4",72.47,NA,29,"7",5,NA,NA,NA,NA,NA,NA
"703","941_S_4255","m126",1,"3/4",72.47,NA,28,"7",9.67,NA,NA,NA,NA,NA,NA
"704","941_S_4255","m18",1,"3/4",72.47,NA,NA,"7",NA,NA,NA,NA,NA,NA,NA
"705","941_S_4255","m24",1,"3/4",72.47,NA,29,"7",14.67,NA,NA,NA,"C2N_plasma_Abeta40",385.525,NA
"706","941_S_4255","m48",1,"3/4",72.47,NA,28,"7",7.67,NA,NA,NA,NA,NA,NA
"707","941_S_4255","m78",1,"3/4",72.47,NA,30,"0",11,NA,NA,NA,"C2N_plasma_Abeta40",526.829,NA
"708","941_S_4255","m90",1,"3/4",72.47,NA,NA,NA,NA,NA,NA,NA,NA,NA,NA
"709","941_S_4255","sc",1,"3/4",72.47,16,29,"7",NA,NA,NA,NA,NA,NA,NA
"710","941_S_4255","scmri",1,"3/4",72.47,NA,NA,NA,NA,NA,NA,NA,NA,NA,NA
"711","032_S_4277","bl",2,"2/3",71.41,NA,NA,"0",7.67,25640,2852,19.28,"QX_plasma_Ab40",72.3,NA
"712","032_S_4277","m03",2,"2/3",71.41,NA,NA,NA,NA,NA,NA,NA,NA,NA,NA
"713","032_S_4277","m06",2,"2/3",71.41,NA,30,"0",3.33,NA,NA,NA,NA,NA,NA
"714","032_S_4277","m108",2,"2/3",71.41,NA,NA,NA,NA,NA,NA,NA,NA,NA,NA
"715","032_S_4277","m12",2,"2/3",71.41,NA,28,"0",6,NA,NA,NA,NA,NA,NA
"716","032_S_4277","m18",2,"2/3",71.41,NA,NA,"0",NA,NA,NA,NA,NA,NA,NA
"717","032_S_4277","m24",2,"2/3",71.41,NA,30,"0",5,NA,NA,NA,NA,NA,NA
"718","032_S_4277","m30",2,"2/3",71.41,NA,NA,"0",NA,NA,NA,NA,NA,NA,NA
"719","032_S_4277","m66",2,"2/3",71.41,NA,30,"0",5.67,26740,2896,20,"QX_plasma_Ab40",75.4,NA
"720","032_S_4277","m78",2,"2/3",71.41,NA,29,"0",7,NA,NA,NA,NA,NA,NA
"721","032_S_4277","m90",2,"2/3",71.41,NA,27,"0",4.67,20990,1785,19.76,"QX_plasma_Ab40",95.9,NA
"722","032_S_4277","sc",2,"2/3",71.41,18,28,"0",NA,NA,NA,NA,NA,NA,NA
"723","032_S_4277","scmri",2,"2/3",71.41,NA,NA,NA,NA,NA,NA,NA,NA,NA,NA
"724","011_S_4278","bl",1,"3/4",75.07,NA,NA,"0",23.67,14700,436,18.66,NA,NA,NA
"725","011_S_4278","m03",1,"3/4",75.07,NA,NA,NA,NA,NA,NA,NA,NA,NA,NA
"726","011_S_4278","m06",1,"3/4",75.07,NA,25,"0",13.33,NA,NA,NA,NA,NA,NA
"727","011_S_4278","m12",1,"3/4",75.07,NA,28,"0",14.67,NA,NA,NA,NA,NA,NA
"728","011_S_4278","m120",1,"3/4",75.07,NA,21,"0",32.67,NA,NA,NA,NA,NA,NA
"729","011_S_4278","m132",1,"3/4",75.07,NA,NA,"0",NA,NA,NA,NA,NA,NA,NA
"730","011_S_4278","m156",1,"3/4",75.07,NA,NA,NA,NA,NA,NA,NA,NA,NA,NA
"731","011_S_4278","m18",1,"3/4",75.07,NA,NA,"0",NA,NA,NA,NA,NA,NA,NA
"732","011_S_4278","m24",1,"3/4",75.07,NA,29,"0",14,NA,376.1,20.67,"C2N_plasma_Abeta40",359.718,NA
"733","011_S_4278","m30",1,"3/4",75.07,NA,NA,"0",NA,NA,NA,NA,NA,NA,NA
"734","011_S_4278","m48",1,"3/4",75.07,NA,24,"0",19,12610,368.1,22.66,"C2N_plasma_Abeta40",348.548,NA
"735","011_S_4278","m54",1,"3/4",75.07,NA,NA,NA,NA,NA,NA,NA,NA,NA,NA
"736","011_S_4278","m72",1,"3/4",75.07,NA,22,"0",30.33,12610,365.7,24.15,"C2N_plasma_Abeta40",470.268,NA
"737","011_S_4278","m90",1,"3/4",75.07,NA,24,"0",28.33,NA,NA,NA,NA,NA,NA
"738","011_S_4278","m96",1,"3/4",75.07,NA,24,"0",27,14430,393.4,27.94,NA,NA,NA
"739","011_S_4278","sc",1,"3/4",75.07,14,27,"0",NA,NA,NA,NA,NA,NA,NA
"740","011_S_4278","scmri",1,"3/4",75.07,NA,NA,NA,NA,NA,NA,NA,NA,NA,NA
"741","129_S_4287","bl",2,"3/4",70.92,NA,NA,"0",17.67,NA,737.1,46.13,"C2N_plasma_Abeta40",450.355,NA
"742","129_S_4287","m03",2,"3/4",70.92,NA,NA,NA,NA,NA,NA,NA,NA,NA,NA
"743","129_S_4287","m06",2,"3/4",70.92,NA,30,"0",12,NA,NA,NA,NA,NA,NA
"744","129_S_4287","m12",2,"3/4",70.92,NA,28,"0",14,NA,NA,NA,NA,NA,NA
"745","129_S_4287","m18",2,"3/4",70.92,NA,NA,"0",NA,NA,NA,NA,NA,NA,NA
"746","129_S_4287","m24",2,"3/4",70.92,NA,28,"0",13.33,NA,698.4,47.4,"C2N_plasma_Abeta40",480.406,NA
"747","129_S_4287","m30",2,"3/4",70.92,NA,NA,"0",NA,NA,NA,NA,NA,NA,NA
"748","129_S_4287","m36",2,"3/4",70.92,NA,28,"0",22.67,NA,NA,NA,NA,NA,NA
"749","129_S_4287","m48",2,"3/4",70.92,NA,27,"0",22.67,NA,NA,NA,"C2N_plasma_Abeta40",457.396,NA
"750","129_S_4287","m60",2,"3/4",70.92,NA,26,"0",24.33,NA,NA,NA,NA,NA,NA
"751","129_S_4287","sc",2,"3/4",70.92,17,29,"0",NA,NA,NA,NA,NA,NA,NA
"752","129_S_4287","scmri",2,"3/4",70.92,NA,NA,NA,NA,NA,NA,NA,NA,NA,NA
"753","029_S_4290","bl",1,"3/4",73.6,NA,NA,"0",20.33,NA,510.8,30.12,"C2N_plasma_Abeta40",498.933,NA
"754","029_S_4290","m03",1,"3/4",73.6,NA,NA,NA,NA,NA,NA,NA,NA,NA,NA
"755","029_S_4290","m06",1,"3/4",73.6,NA,30,"0",11.33,NA,NA,NA,NA,NA,NA
"756","029_S_4290","m12",1,"3/4",73.6,NA,27,"0",14.67,NA,NA,NA,NA,NA,NA
"757","029_S_4290","m18",1,"3/4",73.6,NA,NA,"0",NA,NA,NA,NA,NA,NA,NA
"758","029_S_4290","m24",1,"3/4",73.6,NA,29,"0",11,NA,866.3,33.92,"C2N_plasma_Abeta40",506.133,NA
"759","029_S_4290","m48",1,"3/4",73.6,NA,30,"0",12.67,NA,NA,NA,NA,NA,NA
"760","029_S_4290","m72",1,"3/4",73.6,NA,30,"0",13.33,20240,691.1,37.92,"C2N_plasma_Abeta40",511.277,NA
"761","029_S_4290","m90",1,"3/4",73.6,NA,26,"0",21.67,NA,NA,NA,NA,NA,NA
"762","029_S_4290","sc",1,"3/4",73.6,20,29,"0",NA,NA,NA,NA,NA,NA,NA
"763","029_S_4290","scmri",1,"3/4",73.6,NA,NA,NA,NA,NA,NA,NA,NA,NA,NA
"764","037_S_4302","bl",1,"3/3",76.12,NA,NA,"7|0",21,NA,948.3,31.98,"C2N_plasma_Abeta40",423.965,NA
"765","037_S_4302","m03",1,"3/3",76.12,NA,NA,NA,NA,NA,NA,NA,NA,NA,NA
"766","037_S_4302","m06",1,"3/3",76.12,NA,25,"7",21.33,NA,NA,NA,NA,NA,NA
"767","037_S_4302","m12",1,"3/3",76.12,NA,25,"7",23.33,NA,NA,NA,NA,NA,NA
"768","037_S_4302","m18",1,"3/3",76.12,NA,NA,"7",NA,NA,NA,NA,NA,NA,NA
"769","037_S_4302","m24",1,"3/3",76.12,NA,24,"7",27.33,NA,945.9,38.95,NA,NA,NA
"770","037_S_4302","m36",1,"3/3",76.12,NA,NA,"7",NA,NA,NA,NA,NA,NA,NA
"771","037_S_4302","m48",1,"3/3",76.12,NA,26,"1|7",23.67,NA,946.1,46.18,"C2N_plasma_Abeta40",470.875,NA
"772","037_S_4302","m60",1,"3/3",76.12,NA,23,"1|6|7",32,21030,859.8,42.46,"C2N_plasma_Abeta40",600.749,NA
"773","037_S_4302","m72",1,"3/3",76.12,NA,NA,NA,NA,NA,NA,NA,NA,NA,NA
"774","037_S_4302","sc",1,"3/3",76.12,20,25,"7",NA,NA,NA,NA,NA,NA,NA
"775","037_S_4302","scmri",1,"3/3",76.12,NA,NA,NA,NA,NA,NA,NA,NA,NA,NA
"776","135_S_4309","bl",1,"3/4",68.3,NA,NA,"0",11.67,NA,NA,NA,"C2N_plasma_Abeta40",462.566,NA
"777","135_S_4309","m03",1,"3/4",68.3,NA,NA,NA,NA,NA,NA,NA,NA,NA,NA
"778","135_S_4309","m06",1,"3/4",68.3,NA,30,"0",12,NA,NA,NA,NA,NA,NA
"779","135_S_4309","m12",1,"3/4",68.3,NA,30,"0",9.33,NA,NA,NA,NA,NA,NA
"780","135_S_4309","m18",1,"3/4",68.3,NA,NA,"0",NA,NA,NA,NA,NA,NA,NA
"781","135_S_4309","m24",1,"3/4",68.3,NA,30,"0",8,NA,NA,NA,"C2N_plasma_Abeta40",440.374,NA
"782","135_S_4309","m36",1,"3/4",68.3,NA,30,"0",4.67,NA,NA,NA,NA,NA,NA
"783","135_S_4309","m48",1,"3/4",68.3,NA,29,"0",6,NA,NA,NA,"C2N_plasma_Abeta40",465.808,NA
"784","135_S_4309","m60",1,"3/4",68.3,NA,29,"0",8,NA,NA,NA,NA,NA,NA
"785","135_S_4309","sc",1,"3/4",68.3,16,27,"0",NA,NA,NA,NA,NA,NA,NA
"786","135_S_4309","scmri",1,"3/4",68.3,NA,NA,NA,NA,NA,NA,NA,NA,NA,NA
"787","068_S_4332","bl",1,"3/3",69.07,NA,NA,"6",4.67,NA,1531,21.19,"C2N_plasma_Abeta40",334.702,NA
"788","068_S_4332","m03",1,"3/3",69.07,NA,NA,NA,NA,NA,NA,NA,NA,NA,NA
"789","068_S_4332","m108",1,"3/3",69.07,NA,NA,"0",NA,NA,NA,NA,NA,NA,NA
"790","068_S_4332","m144",1,"3/3",69.07,NA,30,"0",7.33,NA,NA,NA,NA,NA,NA
"791","068_S_4332","m36",1,"3/3",69.07,NA,29,"0",5.67,NA,NA,NA,"C2N_plasma_Abeta40",385.482,NA
"792","068_S_4332","m66",1,"3/3",69.07,NA,29,"0",3.67,21240,1160,25.86,NA,NA,NA
"793","068_S_4332","m78",1,"3/3",69.07,NA,30,"0",4.33,NA,NA,NA,NA,NA,NA
"794","068_S_4332","m96",1,"3/3",69.07,NA,30,"0",3.33,NA,NA,NA,"C2N_plasma_Abeta40",476.869,NA
"795","068_S_4332","sc",1,"3/3",69.07,14,28,"6",NA,NA,NA,NA,NA,NA,NA
"796","068_S_4332","scmri",1,"3/3",69.07,NA,NA,NA,NA,NA,NA,NA,NA,NA,NA
"797","032_S_4386","bl",2,"3/3",84.72,NA,NA,"0",5,NA,1221,48.1,"C2N_plasma_Abeta40",462.694,NA
"798","032_S_4386","m06",2,"3/3",84.72,NA,27,"0",8.67,NA,NA,NA,NA,NA,NA
"799","032_S_4386","m12",2,"3/3",84.72,NA,27,"0",5.67,NA,NA,NA,NA,NA,NA
"800","032_S_4386","m18",2,"3/3",84.72,NA,NA,"0",NA,NA,NA,NA,NA,NA,NA
"801","032_S_4386","m24",2,"3/3",84.72,NA,29,"0",6.67,NA,986.3,52.78,"C2N_plasma_Abeta40",479.867,NA
"802","032_S_4386","m48",2,"3/3",84.72,NA,26,"0",3,NA,921,60.04,"C2N_plasma_Abeta40",486.021,NA
"803","032_S_4386","sc",2,"3/3",84.72,16,30,"0",NA,NA,NA,NA,NA,NA,NA
"804","032_S_4386","scmri",2,"3/3",84.72,NA,NA,NA,NA,NA,NA,NA,NA,NA,NA
"805","114_S_4404","bl",2,"3/3",82.58,NA,NA,"0",15,NA,652,21.19,NA,NA,NA
"806","114_S_4404","m03",2,"3/3",82.58,NA,NA,NA,NA,NA,NA,NA,NA,NA,NA
"807","114_S_4404","m06",2,"3/3",82.58,NA,26,"0",19.33,NA,NA,NA,NA,NA,NA
"808","114_S_4404","m102",2,"3/3",82.58,NA,NA,NA,NA,NA,NA,NA,NA,NA,NA
"809","114_S_4404","m12",2,"3/3",82.58,NA,27,"0",18.67,NA,NA,NA,NA,NA,NA
"810","114_S_4404","m120",2,"3/3",82.58,NA,NA,NA,NA,NA,NA,NA,NA,NA,NA
"811","114_S_4404","m18",2,"3/3",82.58,NA,NA,"0",NA,NA,NA,NA,NA,NA,NA
"812","114_S_4404","m24",2,"3/3",82.58,NA,25,"1",17.33,16290,719.5,20.84,"C2N_plasma_Abeta40",439.113,NA
"813","114_S_4404","m36",2,"3/3",82.58,NA,25,"1|4",19.33,NA,NA,NA,NA,NA,NA
"814","114_S_4404","m48",2,"3/3",82.58,NA,26,"1|4",20.33,NA,629.8,22.83,"C2N_plasma_Abeta40",468.897,NA
"815","114_S_4404","m66",2,"3/3",82.58,NA,20,"1|4",31.67,NA,NA,NA,NA,NA,NA
"816","114_S_4404","m84",2,"3/3",82.58,NA,21,"1|4",33.33,NA,NA,NA,NA,NA,NA
"817","114_S_4404","m90",2,"3/3",82.58,NA,18,"1",33.33,NA,NA,NA,"C2N_plasma_Abeta40",501.037,NA
"818","114_S_4404","sc",2,"3/3",82.58,12,29,"0",NA,NA,NA,NA,NA,NA,NA
"819","114_S_4404","scmri",2,"3/3",82.58,NA,NA,NA,NA,NA,NA,NA,NA,NA,NA
"820","129_S_4422","AUT",2,"2/3",70.84,NA,NA,NA,NA,NA,NA,NA,NA,NA,NA
"821","129_S_4422","bl",2,"2/3",70.84,NA,NA,"0",4,25930,1314,29.93,"C2N_plasma_Abeta40",370.461,NA
"822","129_S_4422","m03",2,"2/3",70.84,NA,NA,NA,NA,NA,NA,NA,NA,NA,NA
"823","129_S_4422","m06",2,"2/3",70.84,NA,30,"0",6.33,NA,NA,NA,NA,NA,NA
"824","129_S_4422","m102",2,"2/3",70.84,NA,NA,"1|4|6",NA,NA,NA,NA,NA,NA,NA
"825","129_S_4422","m108",2,"2/3",70.84,NA,NA,"1|4|6",NA,NA,NA,NA,NA,NA,NA
"826","129_S_4422","m12",2,"2/3",70.84,NA,30,"0",4,NA,NA,NA,NA,NA,NA
"827","129_S_4422","m120",2,"2/3",70.84,NA,NA,"4|6",NA,NA,NA,NA,NA,NA,NA
"828","129_S_4422","m18",2,"2/3",70.84,NA,NA,"0",NA,NA,NA,NA,NA,NA,NA
"829","129_S_4422","m24",2,"2/3",70.84,NA,30,"0",8.33,23100,1020,29.88,"C2N_plasma_Abeta40",455.038,NA
"830","129_S_4422","m48",2,"2/3",70.84,NA,30,"0",7.67,NA,897.5,26.84,NA,NA,NA
"831","129_S_4422","m60",2,"2/3",70.84,NA,29,"0",15,21230,803.1,25.07,"C2N_plasma_Abeta40",434.931,NA
"832","129_S_4422","m72",2,"2/3",70.84,NA,24,"0",23.67,NA,NA,NA,NA,NA,NA
"833","129_S_4422","m84",2,"2/3",70.84,NA,24,"6",31.33,NA,NA,NA,NA,NA,NA
"834","129_S_4422","sc",2,"2/3",70.84,15,29,"0",NA,NA,NA,NA,NA,NA,NA
"835","129_S_4422","scmri",2,"2/3",70.84,NA,NA,NA,NA,NA,NA,NA,NA,NA,NA
"836","036_S_4430","bl",1,"3/3",80.03,NA,NA,"1",30.67,NA,590.5,54.28,"C2N_plasma_Abeta40",384.561,NA
"837","036_S_4430","m03",1,"3/3",80.03,NA,NA,NA,NA,NA,NA,NA,NA,NA,NA
"838","036_S_4430","m06",1,"3/3",80.03,NA,23,"1",33.33,NA,NA,NA,NA,NA,NA
"839","036_S_4430","m12",1,"3/3",80.03,NA,20,"1",38.33,NA,NA,NA,NA,NA,NA
"840","036_S_4430","m18",1,"3/3",80.03,NA,NA,"1",NA,NA,NA,NA,NA,NA,NA
"841","036_S_4430","m24",1,"3/3",80.03,NA,18,"1",40.33,NA,630.9,55.26,NA,NA,NA
"842","036_S_4430","m36",1,"3/3",80.03,NA,19,"1",46.67,NA,NA,NA,NA,NA,NA
"843","036_S_4430","m48",1,"3/3",80.03,NA,17,"1",47.33,NA,674.6,58.64,"C2N_plasma_Abeta40",433.739,NA
"844","036_S_4430","m66",1,"3/3",80.03,NA,9,"1",NA,NA,NA,NA,"C2N_plasma_Abeta40",440.878,NA
"845","036_S_4430","m84",1,"3/3",80.03,NA,7,"1",NA,NA,NA,NA,NA,NA,NA
"846","036_S_4430","sc",1,"3/3",80.03,15,24,"1",NA,NA,NA,NA,NA,NA,NA
"847","036_S_4430","scmri",1,"3/3",80.03,NA,NA,NA,NA,NA,NA,NA,NA,NA,NA
"848","029_S_4385","bl",2,"3/4",68.28,NA,NA,"0",12.67,NA,NA,NA,NA,NA,NA
"849","029_S_4385","m03",2,"3/4",68.28,NA,NA,NA,NA,NA,NA,NA,NA,NA,NA
"850","029_S_4385","m06",2,"3/4",68.28,NA,29,"0",13.67,NA,NA,NA,"C2N_plasma_Abeta40",383.646,NA
"851","029_S_4385","m12",2,"3/4",68.28,NA,26,"0",13,NA,NA,NA,NA,NA,NA
"852","029_S_4385","m18",2,"3/4",68.28,NA,NA,"0",NA,NA,NA,NA,NA,NA,NA
"853","029_S_4385","m24",2,"3/4",68.28,NA,26,"1",16,NA,NA,NA,"C2N_plasma_Abeta40",349.878,NA
"854","029_S_4385","m48",2,"3/4",68.28,NA,23,"1|4",16.33,NA,220.6,12.76,"C2N_plasma_Abeta40",366.661,NA
"855","029_S_4385","sc",2,"3/4",68.28,12,30,"0",NA,NA,NA,NA,NA,NA,NA
"856","029_S_4385","scmri",2,"3/4",68.28,NA,NA,NA,NA,NA,NA,NA,NA,NA,NA
"857","126_S_4507","bl",1,"3/4",78.15,NA,NA,"0",27,17060,718.2,28.58,"C2N_plasma_Abeta40",327.404,NA
"858","126_S_4507","m03",1,"3/4",78.15,NA,NA,NA,NA,NA,NA,NA,NA,NA,NA
"859","126_S_4507","m06",1,"3/4",78.15,NA,26,"0",21.67,NA,NA,NA,NA,NA,NA
"860","126_S_4507","m102",1,"3/4",78.15,NA,20,"1",38.33,15650,612,38.71,"C2N_plasma_Abeta40",434.292,NA
"861","126_S_4507","m114",1,"3/4",78.15,NA,NA,NA,NA,NA,NA,NA,NA,NA,NA
"862","126_S_4507","m12",1,"3/4",78.15,NA,26,"1",29.33,NA,NA,NA,NA,NA,NA
"863","126_S_4507","m126",1,"3/4",78.15,NA,NA,NA,NA,NA,NA,NA,NA,NA,NA
"864","126_S_4507","m132",1,"3/4",78.15,NA,NA,NA,NA,NA,NA,NA,NA,NA,NA
"865","126_S_4507","m18",1,"3/4",78.15,NA,NA,"1",NA,NA,NA,NA,NA,NA,NA
"866","126_S_4507","m24",1,"3/4",78.15,NA,25,"1",24.67,16090,615.3,31.9,NA,NA,NA
"867","126_S_4507","m36",1,"3/4",78.15,NA,24,"1",29.67,NA,NA,NA,NA,NA,NA
"868","126_S_4507","m48",1,"3/4",78.15,NA,26,"1",32,NA,NA,NA,NA,NA,NA
"869","126_S_4507","m78",1,"3/4",78.15,NA,22,"1",37.33,14680,568.9,38.05,"C2N_plasma_Abeta40",393.295,NA
"870","126_S_4507","m84",1,"3/4",78.15,NA,20,"1",31.33,NA,NA,NA,NA,NA,NA
"871","126_S_4507","sc",1,"3/4",78.15,16,29,"0",NA,NA,NA,NA,NA,NA,NA
"872","126_S_4507","scmri",1,"3/4",78.15,NA,NA,NA,NA,NA,NA,NA,NA,NA,NA
"873","041_S_4510","bl",2,"3/4",66.51,NA,NA,"0",12.33,NA,733,47.52,NA,NA,NA
"874","041_S_4510","m03",2,"3/4",66.51,NA,NA,NA,NA,NA,NA,NA,NA,NA,NA
"875","041_S_4510","m06",2,"3/4",66.51,NA,30,"0",7.67,NA,NA,NA,NA,NA,NA
"876","041_S_4510","m12",2,"3/4",66.51,NA,29,"0",12.33,NA,NA,NA,NA,NA,NA
"877","041_S_4510","m18",2,"3/4",66.51,NA,NA,"0",NA,NA,NA,NA,NA,NA,NA
"878","041_S_4510","m24",2,"3/4",66.51,NA,30,"0",17,NA,756.6,61.66,"QX_plasma_Ab40",111,NA
"879","041_S_4510","m36",2,"3/4",66.51,NA,29,"0",18.33,NA,NA,NA,NA,NA,NA
"880","041_S_4510","m48",2,"3/4",66.51,NA,30,"0",14.67,NA,802.6,68.07,"QX_plasma_Ab40",105,NA
"881","041_S_4510","m66",2,"3/4",66.51,NA,28,"0",25.67,NA,NA,NA,"QX_plasma_Ab40",89.2,NA
"882","041_S_4510","sc",2,"3/4",66.51,12,30,"0",NA,NA,NA,NA,NA,NA,NA
"883","041_S_4510","scmri",2,"3/4",66.51,NA,NA,NA,NA,NA,NA,NA,NA,NA,NA
"884","109_S_4531","bl",1,"3/4",73.77,NA,NA,"0",29.33,NA,464.8,19.32,"C2N_plasma_Abeta40",355.271,NA
"885","109_S_4531","m03",1,"3/4",73.77,NA,NA,NA,NA,NA,NA,NA,NA,NA,NA
"886","109_S_4531","m06",1,"3/4",73.77,NA,26,"0",25.67,NA,NA,NA,NA,NA,NA
"887","109_S_4531","m12",1,"3/4",73.77,NA,26,"0",24.67,NA,NA,NA,NA,NA,NA
"888","109_S_4531","m18",1,"3/4",73.77,NA,NA,"0",NA,NA,NA,NA,NA,NA,NA
"889","109_S_4531","m24",1,"3/4",73.77,NA,23,"0",36.67,NA,NA,NA,"C2N_plasma_Abeta40",368.922,NA
"890","109_S_4531","m30",1,"3/4",73.77,NA,NA,"0",NA,NA,NA,NA,NA,NA,NA
"891","109_S_4531","m36",1,"3/4",73.77,NA,21,"1",35.67,NA,NA,NA,"C2N_plasma_Abeta40",435.371,NA
"892","109_S_4531","m48",1,"3/4",73.77,NA,19,"0",46.67,NA,NA,NA,NA,NA,NA
"893","109_S_4531","sc",1,"3/4",73.77,20,24,"0",NA,NA,NA,NA,NA,NA,NA
"894","109_S_4531","scmri",1,"3/4",73.77,NA,NA,NA,NA,NA,NA,NA,NA,NA,NA
"895","036_S_4538","bl",2,"2/4",78.86,NA,NA,"7",22,NA,761,28.11,NA,NA,NA
"896","036_S_4538","m03",2,"2/4",78.86,NA,NA,NA,NA,NA,NA,NA,NA,NA,NA
"897","036_S_4538","m06",2,"2/4",78.86,NA,28,"0",20.33,NA,NA,NA,NA,NA,NA
"898","036_S_4538","m102",2,"2/4",78.86,NA,20,"0",43,NA,NA,NA,"C2N_plasma_Abeta40",595.731,NA
"899","036_S_4538","m12",2,"2/4",78.86,NA,26,"0",23.33,NA,NA,NA,NA,NA,NA
"900","036_S_4538","m18",2,"2/4",78.86,NA,NA,"0",NA,NA,NA,NA,NA,NA,NA
"901","036_S_4538","m24",2,"2/4",78.86,NA,25,"3|0",25,NA,631.9,30.59,"C2N_plasma_Abeta40",476.171,NA
"902","036_S_4538","m36",2,"2/4",78.86,NA,25,"0",21.67,NA,NA,NA,NA,NA,NA
"903","036_S_4538","m48",2,"2/4",78.86,NA,26,"0",27.67,NA,NA,NA,NA,NA,NA
"904","036_S_4538","m66",2,"2/4",78.86,NA,23,"0",23.33,24030,766.4,41.59,"C2N_plasma_Abeta40",470.487,NA
"905","036_S_4538","m78",2,"2/4",78.86,NA,19,"0",34.33,NA,NA,NA,NA,NA,NA
"906","036_S_4538","sc",2,"2/4",78.86,15,27,"7",NA,NA,NA,NA,NA,NA,NA
"907","036_S_4538","scmri",2,"2/4",78.86,NA,NA,NA,NA,NA,NA,NA,NA,NA,NA
"908","011_S_4547","bl",1,"3/3",77.37,NA,NA,"0",13,NA,695.1,23.21,"C2N_plasma_Abeta40",286.987,NA
"909","011_S_4547","m03",1,"3/3",77.37,NA,NA,NA,NA,NA,NA,NA,NA,NA,NA
"910","011_S_4547","m06",1,"3/3",77.37,NA,30,"0",10.33,NA,NA,NA,NA,NA,NA
"911","011_S_4547","m12",1,"3/3",77.37,NA,28,"0",9,NA,NA,NA,NA,NA,NA
"912","011_S_4547","m18",1,"3/3",77.37,NA,NA,"0",NA,NA,NA,NA,NA,NA,NA
"913","011_S_4547","m24",1,"3/3",77.37,NA,30,"4",14,NA,NA,NA,"C2N_plasma_Abeta40",258.176,NA
"914","011_S_4547","m36",1,"3/3",77.37,NA,30,"1|4",11.67,NA,NA,NA,NA,NA,NA
"915","011_S_4547","m48",1,"3/3",77.37,NA,27,"1|4",19.67,NA,430.4,22.32,"C2N_plasma_Abeta40",363.688,NA
"916","011_S_4547","m54",1,"3/3",77.37,NA,NA,NA,NA,NA,NA,NA,NA,NA,NA
"917","011_S_4547","m66",1,"3/3",77.37,NA,24,"1",23.67,15080,458.9,23.48,NA,NA,NA
"918","011_S_4547","sc",1,"3/3",77.37,18,30,"0",NA,NA,NA,NA,NA,NA,NA
"919","011_S_4547","scmri",1,"3/3",77.37,NA,NA,NA,NA,NA,NA,NA,NA,NA,NA
"920","002_S_4521","bl",1,"3/4",70.08,NA,NA,"1",18,NA,918.5,50.4,"C2N_plasma_Abeta40",293.619,NA
"921","002_S_4521","m03",1,"3/4",70.08,NA,NA,NA,NA,NA,NA,NA,NA,NA,NA
"922","002_S_4521","m06",1,"3/4",70.08,NA,24,"1",26.67,NA,NA,NA,NA,NA,NA
"923","002_S_4521","m12",1,"3/4",70.08,NA,26,"1",23.67,NA,NA,NA,NA,NA,NA
"924","002_S_4521","m18",1,"3/4",70.08,NA,NA,"1",NA,NA,NA,NA,NA,NA,NA
"925","002_S_4521","m24",1,"3/4",70.08,NA,25,"1",33.33,NA,944.8,57.08,"C2N_plasma_Abeta40",403.067,NA
"926","002_S_4521","m36",1,"3/4",70.08,NA,20,"1",39,NA,NA,NA,NA,NA,NA
"927","002_S_4521","m48",1,"3/4",70.08,NA,14,"1",51.67,NA,915.2,39.87,"C2N_plasma_Abeta40",445.885,NA
"928","002_S_4521","sc",1,"3/4",70.08,18,27,"1",NA,NA,NA,NA,NA,NA,NA
"929","002_S_4521","scmri",1,"3/4",70.08,NA,NA,NA,NA,NA,NA,NA,NA,NA,NA
"930","053_S_4557","bl",2,"3/3",83.39,NA,NA,"0",15,NA,1129,26.26,"C2N_plasma_Abeta40",443.031,NA
"931","053_S_4557","m03",2,"3/3",83.39,NA,NA,NA,NA,NA,NA,NA,NA,NA,NA
"932","053_S_4557","m06",2,"3/3",83.39,NA,28,"0",17.67,NA,NA,NA,NA,NA,NA
"933","053_S_4557","m12",2,"3/3",83.39,NA,30,"0",13.33,NA,NA,NA,NA,NA,NA
"934","053_S_4557","m18",2,"3/3",83.39,NA,NA,"0",NA,NA,NA,NA,NA,NA,NA
"935","053_S_4557","m24",2,"3/3",83.39,NA,28,"0",12.67,NA,1074,31.58,"C2N_plasma_Abeta40",549.898,NA
"936","053_S_4557","m36",2,"3/3",83.39,NA,27,"0",20,NA,NA,NA,NA,NA,NA
"937","053_S_4557","m48",2,"3/3",83.39,NA,26,"6",27.67,NA,NA,NA,NA,NA,NA
"938","053_S_4557","m60",2,"3/3",83.39,NA,27,"6",21.67,NA,NA,NA,"C2N_plasma_Abeta40",571.542,NA
"939","053_S_4557","sc",2,"3/3",83.39,12,27,"0",NA,NA,NA,NA,NA,NA,NA
"940","053_S_4557","scmri",2,"3/3",83.39,NA,NA,NA,NA,NA,NA,NA,NA,NA,NA
"941","035_S_4414","bl",2,"3/4",60.81,NA,NA,"1|6",20,NA,969.7,43.22,NA,NA,NA
"942","035_S_4414","m06",2,"3/4",60.81,NA,25,"1",17.33,NA,NA,NA,NA,NA,NA
"943","035_S_4414","m12",2,"3/4",60.81,NA,26,"1|6",24.33,NA,NA,NA,NA,NA,NA
"944","035_S_4414","m18",2,"3/4",60.81,NA,NA,"1|6",NA,NA,NA,NA,NA,NA,NA
"945","035_S_4414","m24",2,"3/4",60.81,NA,25,"1|6",28.67,NA,811.5,47.34,"C2N_plasma_Abeta40",381.998,NA
"946","035_S_4414","m36",2,"3/4",60.81,NA,21,"1",33.67,NA,NA,NA,NA,NA,NA
"947","035_S_4414","m48",2,"3/4",60.81,NA,19,"1|4|6",41,16050,890,50.67,"C2N_plasma_Abeta40",369.165,NA
"948","035_S_4414","m66",2,"3/4",60.81,NA,13,"1|4",NA,14090,641.1,40.39,"C2N_plasma_Abeta40",402.321,NA
"949","035_S_4414","m78",2,"3/4",60.81,NA,NA,NA,NA,NA,NA,NA,NA,NA,NA
"950","035_S_4414","sc",2,"3/4",60.81,18,28,"1|6",NA,NA,NA,NA,NA,NA,NA
"951","035_S_4414","scmri",2,"3/4",60.81,NA,NA,NA,NA,NA,NA,NA,NA,NA,NA
"952","137_S_4587","bl",2,"3/4",65.75,NA,NA,"0",11,NA,686.4,24.38,NA,NA,NA
"953","137_S_4587","m03",2,"3/4",65.75,NA,NA,NA,NA,NA,NA,NA,NA,NA,NA
"954","137_S_4587","m06",2,"3/4",65.75,NA,28,"0",10.33,NA,NA,NA,NA,NA,NA
"955","137_S_4587","m102",2,"3/4",65.75,NA,NA,"6",NA,NA,NA,NA,NA,NA,NA
"956","137_S_4587","m12",2,"3/4",65.75,NA,29,"0",6,NA,NA,NA,NA,NA,NA
"957","137_S_4587","m18",2,"3/4",65.75,NA,NA,"0",NA,NA,NA,NA,NA,NA,NA
"958","137_S_4587","m24",2,"3/4",65.75,NA,29,"0",7,NA,617.5,32.8,"C2N_plasma_Abeta40",409.035,NA
"959","137_S_4587","m48",2,"3/4",65.75,NA,29,"0",12,NA,NA,NA,"C2N_plasma_Abeta40",406.663,NA
"960","137_S_4587","m66",2,"3/4",65.75,NA,23,"0",13.33,NA,NA,NA,"C2N_plasma_Abeta40",468.014,NA
"961","137_S_4587","m78",2,"3/4",65.75,NA,NA,NA,NA,NA,NA,NA,NA,NA,NA
"962","137_S_4587","m96",2,"3/4",65.75,NA,NA,"0",NA,NA,NA,NA,NA,NA,NA
"963","137_S_4587","sc",2,"3/4",65.75,16,29,"0",NA,NA,NA,NA,NA,NA,NA
"964","137_S_4587","scmri",2,"3/4",65.75,NA,NA,NA,NA,NA,NA,NA,NA,NA,NA
"965","009_S_4612","bl",2,"3/4",68.45,NA,NA,"6",6.33,NA,499.5,13.89,"C2N_plasma_Abeta40",337.695,NA
"966","009_S_4612","m03",2,"3/4",68.45,NA,NA,NA,NA,NA,NA,NA,NA,NA,NA
"967","009_S_4612","m06",2,"3/4",68.45,NA,30,"6",7.33,NA,NA,NA,NA,NA,NA
"968","009_S_4612","m102",2,"3/4",68.45,NA,NA,NA,NA,NA,NA,NA,NA,NA,NA
"969","009_S_4612","m114",2,"3/4",68.45,NA,28,"0",11.33,NA,NA,NA,"C2N_plasma_Abeta40",365.564,NA
"970","009_S_4612","m12",2,"3/4",68.45,NA,29,"6",7.67,NA,NA,NA,NA,NA,NA
"971","009_S_4612","m126",2,"3/4",68.45,NA,NA,NA,NA,NA,NA,NA,NA,NA,NA
"972","009_S_4612","m18",2,"3/4",68.45,NA,NA,"6",NA,NA,NA,NA,NA,NA,NA
"973","009_S_4612","m24",2,"3/4",68.45,NA,30,"6",9.33,NA,NA,NA,NA,NA,NA
"974","009_S_4612","m66",2,"3/4",68.45,NA,29,"0",5,NA,NA,NA,NA,NA,NA
"975","009_S_4612","m78",2,"3/4",68.45,NA,NA,NA,NA,NA,NA,NA,NA,NA,NA
"976","009_S_4612","m90",2,"3/4",68.45,NA,30,"0",8.67,NA,NA,NA,"C2N_plasma_Abeta40",384.102,NA
"977","009_S_4612","sc",2,"3/4",68.45,18,30,"6",NA,NA,NA,NA,NA,NA,NA
"978","009_S_4612","scmri",2,"3/4",68.45,NA,NA,NA,NA,NA,NA,NA,NA,NA,NA
"979","007_S_4611","bl",1,"3/4",66.95,NA,NA,"1",11.33,NA,574.2,20.44,"C2N_plasma_Abeta40",396.28,NA
"980","007_S_4611","m03",1,"3/4",66.95,NA,NA,NA,NA,NA,NA,NA,NA,NA,NA
"981","007_S_4611","m06",1,"3/4",66.95,NA,24,"1",7.33,NA,NA,NA,NA,NA,NA
"982","007_S_4611","m12",1,"3/4",66.95,NA,26,"1",9.33,NA,NA,NA,NA,NA,NA
"983","007_S_4611","m18",1,"3/4",66.95,NA,NA,"1",NA,NA,NA,NA,NA,NA,NA
"984","007_S_4611","m24",1,"3/4",66.95,NA,24,"1",11.33,NA,512.2,21.3,"C2N_plasma_Abeta40",353.642,NA
"985","007_S_4611","m36",1,"3/4",66.95,NA,27,"1",12,NA,NA,NA,NA,NA,NA
"986","007_S_4611","m48",1,"3/4",66.95,NA,25,"1",18.33,NA,455.4,23.1,"C2N_plasma_Abeta40",368.414,NA
"987","007_S_4611","sc",1,"3/4",66.95,18,25,"1",NA,NA,NA,NA,NA,NA,NA
"988","007_S_4611","scmri",1,"3/4",66.95,NA,NA,NA,NA,NA,NA,NA,NA,NA,NA
"989","073_S_4614","bl",2,"3/4",67.71,NA,NA,"6",14.33,NA,NA,NA,"C2N_plasma_Abeta40",339.205,NA
"990","073_S_4614","m03",2,"3/4",67.71,NA,NA,NA,NA,NA,NA,NA,NA,NA,NA
"991","073_S_4614","m06",2,"3/4",67.71,NA,29,"6",14.67,NA,NA,NA,NA,NA,NA
"992","073_S_4614","m102",2,"3/4",67.71,NA,30,"1|6",18.33,NA,NA,NA,NA,NA,NA
"993","073_S_4614","m12",2,"3/4",67.71,NA,30,"6",7,NA,NA,NA,NA,NA,NA
"994","073_S_4614","m24",2,"3/4",67.71,NA,23,"6",13,NA,1396,33.53,"C2N_plasma_Abeta40",330.593,NA
"995","073_S_4614","m36",2,"3/4",67.71,NA,28,"6",13,NA,NA,NA,NA,NA,NA
"996","073_S_4614","m48",2,"3/4",67.71,NA,29,"6",14,NA,NA,NA,"C2N_plasma_Abeta40",372.614,NA
"997","073_S_4614","sc",2,"3/4",67.71,20,28,"6",NA,NA,NA,NA,NA,NA,NA
"998","073_S_4614","scmri",2,"3/4",67.71,NA,NA,NA,NA,NA,NA,NA,NA,NA,NA
"999","116_S_4635","bl",2,"3/4",72.72,NA,NA,"0",6.67,NA,359.3,20.45,"C2N_plasma_Abeta40",303.14,NA
"1000","116_S_4635","m03",2,"3/4",72.72,NA,NA,NA,NA,NA,NA,NA,NA,NA,NA
"1001","116_S_4635","m06",2,"3/4",72.72,NA,29,"0",9,NA,NA,NA,NA,NA,NA
"1002","116_S_4635","m12",2,"3/4",72.72,NA,29,"0",5.33,NA,NA,NA,NA,NA,NA
"1003","116_S_4635","m18",2,"3/4",72.72,NA,NA,"0",NA,NA,NA,NA,NA,NA,NA
"1004","116_S_4635","m24",2,"3/4",72.72,NA,28,"0",5.67,NA,324.9,21.94,"C2N_plasma_Abeta40",368.278,NA
"1005","116_S_4635","m36",2,"3/4",72.72,NA,29,"0",5.67,NA,NA,NA,NA,NA,NA
"1006","116_S_4635","m48",2,"3/4",72.72,NA,30,"0",NA,NA,NA,NA,"C2N_plasma_Abeta40",440.216,NA
"1007","116_S_4635","sc",2,"3/4",72.72,12,30,"0",NA,NA,NA,NA,NA,NA,NA
"1008","116_S_4635","scmri",2,"3/4",72.72,NA,NA,NA,NA,NA,NA,NA,NA,NA,NA
"1009","128_S_4636","bl",2,"3/4",77.06,NA,NA,"0",5,NA,744.4,30.4,"C2N_plasma_Abeta40",440.591,NA
"1010","128_S_4636","m03",2,"3/4",77.06,NA,NA,NA,NA,NA,NA,NA,NA,NA,NA
"1011","128_S_4636","m06",2,"3/4",77.06,NA,28,"0",15,NA,NA,NA,NA,NA,NA
"1012","128_S_4636","m12",2,"3/4",77.06,NA,25,"0",6.33,NA,NA,NA,NA,NA,NA
"1013","128_S_4636","m18",2,"3/4",77.06,NA,NA,"0",NA,NA,NA,NA,NA,NA,NA
"1014","128_S_4636","m24",2,"3/4",77.06,NA,29,"0",15.67,NA,729.1,28.89,"C2N_plasma_Abeta40",484.456,NA
"1015","128_S_4636","m36",2,"3/4",77.06,NA,27,"0",15,NA,NA,NA,NA,NA,NA
"1016","128_S_4636","m48",2,"3/4",77.06,NA,26,"0",17.33,NA,NA,NA,"C2N_plasma_Abeta40",467.499,NA
"1017","128_S_4636","sc",2,"3/4",77.06,16,28,"0",NA,NA,NA,NA,NA,NA,NA
"1018","128_S_4636","scmri",2,"3/4",77.06,NA,NA,NA,NA,NA,NA,NA,NA,NA,NA
"1019","127_S_4624","bl",2,"3/4",77.64,NA,NA,"6",6.67,NA,608.9,37.45,"C2N_plasma_Abeta40",503.564,NA
"1020","127_S_4624","m03",2,"3/4",77.64,NA,NA,NA,NA,NA,NA,NA,NA,NA,NA
"1021","127_S_4624","m06",2,"3/4",77.64,NA,28,"6",15,NA,NA,NA,NA,NA,NA
"1022","127_S_4624","m12",2,"3/4",77.64,NA,29,"6",19,NA,NA,NA,NA,NA,NA
"1023","127_S_4624","m18",2,"3/4",77.64,NA,NA,"6",NA,NA,NA,NA,NA,NA,NA
"1024","127_S_4624","m24",2,"3/4",77.64,NA,28,"6",25.33,NA,NA,NA,"C2N_plasma_Abeta40",406.788,NA
"1025","127_S_4624","m36",2,"3/4",77.64,NA,29,"6",19.33,NA,NA,NA,NA,NA,NA
"1026","127_S_4624","m48",2,"3/4",77.64,NA,28,"6",16.33,NA,NA,NA,"C2N_plasma_Abeta40",492.571,NA
"1027","127_S_4624","sc",2,"3/4",77.64,13,30,"6",NA,NA,NA,NA,NA,NA,NA
"1028","127_S_4624","scmri",2,"3/4",77.64,NA,NA,NA,NA,NA,NA,NA,NA,NA,NA
"1029","127_S_4645","bl",2,"2/3",76.4,NA,NA,"0",9.33,NA,539.1,21.56,"QX_plasma_Ab40",94.9,NA
"1030","127_S_4645","m03",2,"2/3",76.4,NA,NA,NA,NA,NA,NA,NA,NA,NA,NA
"1031","127_S_4645","m06",2,"2/3",76.4,NA,30,"0",10,NA,NA,NA,NA,NA,NA
"1032","127_S_4645","m12",2,"2/3",76.4,NA,30,"0",7.67,NA,NA,NA,NA,NA,NA
"1033","127_S_4645","m18",2,"2/3",76.4,NA,NA,"6",NA,NA,NA,NA,NA,NA,NA
"1034","127_S_4645","m24",2,"2/3",76.4,NA,30,"6",6.33,NA,NA,NA,"QX_plasma_Ab40",102,NA
"1035","127_S_4645","m48",2,"2/3",76.4,NA,28,"6",7.33,NA,NA,NA,"QX_plasma_Ab40",97.8,NA
"1036","127_S_4645","m72",2,"2/3",76.4,NA,30,"6",9.67,NA,NA,NA,NA,NA,NA
"1037","127_S_4645","sc",2,"2/3",76.4,14,30,"0",NA,NA,NA,NA,NA,NA,NA
"1038","127_S_4645","scmri",2,"2/3",76.4,NA,NA,NA,NA,NA,NA,NA,NA,NA,NA
"1039","024_S_4674","bl",1,"3/4",77.94,NA,NA,"0",13.67,NA,843.1,31.89,"C2N_plasma_Abeta40",325.783,NA
"1040","024_S_4674","m03",1,"3/4",77.94,NA,NA,NA,NA,NA,NA,NA,NA,NA,NA
"1041","024_S_4674","m06",1,"3/4",77.94,NA,27,"0",21,NA,NA,NA,NA,NA,NA
"1042","024_S_4674","m108",1,"3/4",77.94,NA,25,"0",14.33,NA,NA,NA,NA,NA,NA
"1043","024_S_4674","m12",1,"3/4",77.94,NA,28,"0",15.67,NA,NA,NA,NA,NA,NA
"1044","024_S_4674","m120",1,"3/4",77.94,NA,27,"0",16,NA,NA,NA,NA,NA,NA
"1045","024_S_4674","m156",1,"3/4",77.94,NA,NA,NA,NA,NA,NA,NA,NA,NA,NA
"1046","024_S_4674","m18",1,"3/4",77.94,NA,NA,"0",NA,NA,NA,NA,NA,NA,NA
"1047","024_S_4674","m24",1,"3/4",77.94,NA,30,"0",13,NA,NA,NA,NA,NA,NA
"1048","024_S_4674","m36",1,"3/4",77.94,NA,30,"0",12.33,NA,NA,NA,NA,NA,NA
"1049","024_S_4674","m48",1,"3/4",77.94,NA,27,"0",16.33,NA,NA,NA,"C2N_plasma_Abeta40",304.874,NA
"1050","024_S_4674","m60",1,"3/4",77.94,NA,28,"0",17.67,NA,NA,NA,"C2N_plasma_Abeta40",324.508,NA
"1051","024_S_4674","m72",1,"3/4",77.94,NA,29,"0",18.33,NA,NA,NA,NA,NA,NA
"1052","024_S_4674","m84",1,"3/4",77.94,NA,28,"0",15.33,NA,NA,NA,NA,NA,NA
"1053","024_S_4674","sc",1,"3/4",77.94,20,24,"0",NA,NA,NA,NA,NA,NA,NA
"1054","024_S_4674","scmri",1,"3/4",77.94,NA,NA,NA,NA,NA,NA,NA,NA,NA,NA
"1055","036_S_4715","bl",2,"3/3",56.75,NA,NA,"3",18.33,NA,1009,64.5,"C2N_plasma_Abeta40",394.409,NA
"1056","036_S_4715","m03",2,"3/3",56.75,NA,NA,NA,NA,NA,NA,NA,NA,NA,NA
"1057","036_S_4715","m06",2,"3/3",56.75,NA,27,"3",22.67,NA,NA,NA,NA,NA,NA
"1058","036_S_4715","m12",2,"3/3",56.75,NA,26,"3",19,NA,NA,NA,NA,NA,NA
"1059","036_S_4715","m18",2,"3/3",56.75,NA,NA,"3",NA,NA,NA,NA,NA,NA,NA
"1060","036_S_4715","m24",2,"3/3",56.75,NA,25,"3",22.67,NA,920,82.74,"C2N_plasma_Abeta40",420.728,NA
"1061","036_S_4715","m36",2,"3/3",56.75,NA,23,"3",22,NA,NA,NA,NA,NA,NA
"1062","036_S_4715","m48",2,"3/3",56.75,NA,14,"3",37.33,NA,NA,NA,NA,NA,NA
"1063","036_S_4715","m66",2,"3/3",56.75,NA,11,"3",48,NA,NA,NA,"C2N_plasma_Abeta40",467.366,NA
"1064","036_S_4715","sc",2,"3/3",56.75,18,25,"3",NA,NA,NA,NA,NA,NA,NA
"1065","036_S_4715","scmri",2,"3/3",56.75,NA,NA,NA,NA,NA,NA,NA,NA,NA,NA
"1066","002_S_4746","bl",2,"3/3",71.21,NA,NA,"6",12,NA,880.2,20.32,"C2N_plasma_Abeta40",348.74,NA
"1067","002_S_4746","m03",2,"3/3",71.21,NA,NA,NA,NA,NA,NA,NA,NA,NA,NA
"1068","002_S_4746","m06",2,"3/3",71.21,NA,27,"6",22.33,NA,NA,NA,NA,NA,NA
"1069","002_S_4746","m12",2,"3/3",71.21,NA,26,"6",18.33,NA,NA,NA,NA,NA,NA
"1070","002_S_4746","m18",2,"3/3",71.21,NA,NA,"0",NA,NA,NA,NA,NA,NA,NA
"1071","002_S_4746","m24",2,"3/3",71.21,NA,29,"0",14,NA,866,22.06,"C2N_plasma_Abeta40",379.025,NA
"1072","002_S_4746","m36",2,"3/3",71.21,NA,26,"0",17,NA,NA,NA,NA,NA,NA
"1073","002_S_4746","m48",2,"3/3",71.21,NA,25,"0",21.67,NA,NA,NA,"C2N_plasma_Abeta40",359.012,NA
"1074","002_S_4746","sc",2,"3/3",71.21,16,28,"6",NA,NA,NA,NA,NA,NA,NA
"1075","002_S_4746","scmri",2,"3/3",71.21,NA,NA,NA,NA,NA,NA,NA,NA,NA,NA
"1076","127_S_4765","AUT",1,"3/4",75.98,NA,NA,NA,NA,NA,NA,NA,NA,NA,NA
"1077","127_S_4765","bl",1,"3/4",75.98,NA,NA,"3",27,NA,845.8,50.75,"C2N_plasma_Abeta40",394.884,NA
"1078","127_S_4765","m03",1,"3/4",75.98,NA,NA,NA,NA,NA,NA,NA,NA,NA,NA
"1079","127_S_4765","m06",1,"3/4",75.98,NA,26,"5",27,NA,NA,NA,NA,NA,NA
"1080","127_S_4765","m12",1,"3/4",75.98,NA,28,"5",NA,NA,NA,NA,NA,NA,NA
"1081","127_S_4765","m18",1,"3/4",75.98,NA,NA,"7",NA,NA,NA,NA,NA,NA,NA
"1082","127_S_4765","m24",1,"3/4",75.98,NA,29,"7",24.67,NA,NA,NA,"C2N_plasma_Abeta40",423.439,NA
"1083","127_S_4765","m36",1,"3/4",75.98,NA,23,"0",30,NA,NA,NA,NA,NA,NA
"1084","127_S_4765","m48",1,"3/4",75.98,NA,20,"0",32.33,NA,632.7,46.39,NA,NA,NA
"1085","127_S_4765","m60",1,"3/4",75.98,NA,16,"0",46.67,NA,NA,NA,"C2N_plasma_Abeta40",426.936,NA
"1086","127_S_4765","sc",1,"3/4",75.98,16,26,"3",NA,NA,NA,NA,NA,NA,NA
"1087","127_S_4765","scmri",1,"3/4",75.98,NA,NA,NA,NA,NA,NA,NA,NA,NA,NA
"1088","137_S_4816","bl",1,"4/4",74.22,NA,NA,"6",16.33,NA,511.3,52.08,"QX_plasma_Ab40",78.4,NA
"1089","137_S_4816","m03",1,"4/4",74.22,NA,NA,NA,NA,NA,NA,NA,NA,NA,NA
"1090","137_S_4816","m06",1,"4/4",74.22,NA,19,"6",20,NA,NA,NA,NA,NA,NA
"1091","137_S_4816","m12",1,"4/4",74.22,NA,28,"6",18,NA,NA,NA,NA,NA,NA
"1092","137_S_4816","m18",1,"4/4",74.22,NA,NA,"6",NA,NA,NA,NA,NA,NA,NA
"1093","137_S_4816","m24",1,"4/4",74.22,NA,25,"6",25.67,NA,474.9,56.21,"QX_plasma_Ab40",88.8,NA
"1094","137_S_4816","m36",1,"4/4",74.22,NA,25,"1|4|6",27.33,NA,NA,NA,NA,NA,NA
"1095","137_S_4816","m48",1,"4/4",74.22,NA,24,"4|6",33,NA,NA,NA,"QX_plasma_Ab40",87,NA
"1096","137_S_4816","sc",1,"4/4",74.22,16,29,"6",NA,NA,NA,NA,NA,NA,NA
"1097","137_S_4816","scmri",1,"4/4",74.22,NA,NA,NA,NA,NA,NA,NA,NA,NA,NA
"1098","116_S_4855","bl",1,"3/4",83.85,NA,NA,"0",14.67,14810,746,21.3,NA,NA,NA
"1099","116_S_4855","m03",1,"3/4",83.85,NA,NA,NA,NA,NA,NA,NA,NA,NA,NA
"1100","116_S_4855","m06",1,"3/4",83.85,NA,28,"0",13,NA,NA,NA,NA,NA,NA
"1101","116_S_4855","m102",1,"3/4",83.85,NA,NA,NA,NA,NA,NA,NA,NA,NA,NA
"1102","116_S_4855","m114",1,"3/4",83.85,NA,27,"0",14.67,NA,NA,NA,"C2N_plasma_Abeta40",484.016,NA
"1103","116_S_4855","m12",1,"3/4",83.85,NA,28,"0",9,NA,NA,NA,NA,NA,NA
"1104","116_S_4855","m18",1,"3/4",83.85,NA,NA,"0",NA,NA,NA,NA,NA,NA,NA
"1105","116_S_4855","m24",1,"3/4",83.85,NA,27,"0",12.67,12030,577.8,23.3,"C2N_plasma_Abeta40",408.533,NA
"1106","116_S_4855","m36",1,"3/4",83.85,NA,29,"0",11,NA,NA,NA,NA,NA,NA
"1107","116_S_4855","m48",1,"3/4",83.85,NA,28,"0",10.67,NA,NA,NA,"C2N_plasma_Abeta40",434.526,NA
"1108","116_S_4855","m66",1,"3/4",83.85,NA,27,"0",14.67,11400,553.3,26.63,NA,NA,NA
"1109","116_S_4855","m78",1,"3/4",83.85,NA,28,"0",9.67,NA,NA,NA,NA,NA,NA
"1110","116_S_4855","m90",1,"3/4",83.85,NA,28,"0",14.33,NA,NA,NA,NA,NA,NA
"1111","116_S_4855","sc",1,"3/4",83.85,14,27,"0",NA,NA,NA,NA,NA,NA,NA
"1112","116_S_4855","scmri",1,"3/4",83.85,NA,NA,NA,NA,NA,NA,NA,NA,NA,NA
"1113","094_S_4858","bl",1,"4/4",55.03,NA,NA,"0",8.33,NA,662.4,42.25,"C2N_plasma_Abeta40",321.163,NA
"1114","094_S_4858","m03",1,"4/4",55.03,NA,NA,NA,NA,NA,NA,NA,NA,NA,NA
"1115","094_S_4858","m06",1,"4/4",55.03,NA,27,"0",10,NA,NA,NA,NA,NA,NA
"1116","094_S_4858","m12",1,"4/4",55.03,NA,29,"0",8.67,NA,NA,NA,NA,NA,NA
"1117","094_S_4858","m18",1,"4/4",55.03,NA,NA,"0",NA,NA,NA,NA,NA,NA,NA
"1118","094_S_4858","m24",1,"4/4",55.03,NA,28,"0",8,NA,NA,NA,"C2N_plasma_Abeta40",332.216,NA
"1119","094_S_4858","m36",1,"4/4",55.03,NA,29,"0",6.67,NA,NA,NA,NA,NA,NA
"1120","094_S_4858","m48",1,"4/4",55.03,NA,27,"0",12.33,NA,NA,NA,"C2N_plasma_Abeta40",298.295,NA
"1121","094_S_4858","sc",1,"4/4",55.03,16,30,"0",NA,NA,NA,NA,NA,NA,NA
"1122","094_S_4858","scmri",1,"4/4",55.03,NA,NA,NA,NA,NA,NA,NA,NA,NA,NA
"1123","018_S_4868","AUT",1,"4/4",77.22,NA,NA,NA,NA,NA,NA,NA,NA,NA,NA
"1124","018_S_4868","bl",1,"4/4",77.22,NA,NA,"4",18.33,NA,519.7,30.84,NA,NA,NA
"1125","018_S_4868","m03",1,"4/4",77.22,NA,NA,NA,NA,NA,NA,NA,NA,NA,NA
"1126","018_S_4868","m06",1,"4/4",77.22,NA,25,"4",20,NA,NA,NA,NA,NA,NA
"1127","018_S_4868","m12",1,"4/4",77.22,NA,25,"1|4",18.67,NA,NA,NA,NA,NA,NA
"1128","018_S_4868","m18",1,"4/4",77.22,NA,NA,"1|4",NA,NA,NA,NA,NA,NA,NA
"1129","018_S_4868","m24",1,"4/4",77.22,NA,26,"4",21.67,NA,NA,NA,"QX_plasma_Ab40",159,NA
"1130","018_S_4868","m36",1,"4/4",77.22,NA,24,"1|4",23.33,NA,NA,NA,NA,NA,NA
"1131","018_S_4868","m48",1,"4/4",77.22,NA,24,"1|4",24.67,NA,NA,NA,"QX_plasma_Ab40",181,NA
"1132","018_S_4868","m60",1,"4/4",77.22,NA,22,"1|4",31,NA,NA,NA,"QX_plasma_Ab40",172,NA
"1133","018_S_4868","m72",1,"4/4",77.22,NA,20,"1|4",36.33,NA,NA,NA,NA,NA,NA
"1134","018_S_4868","m84",1,"4/4",77.22,NA,NA,"1|4|7",NA,NA,NA,NA,NA,NA,NA
"1135","018_S_4868","sc",1,"4/4",77.22,12,27,"4",NA,NA,NA,NA,NA,NA,NA
"1136","018_S_4868","scmri",1,"4/4",77.22,NA,NA,NA,NA,NA,NA,NA,NA,NA,NA
"1137","011_S_4893","bl",2,"3/4",68.15,NA,NA,"5",11.33,NA,784.3,39.87,"C2N_plasma_Abeta40",350.895,NA
"1138","011_S_4893","m03",2,"3/4",68.15,NA,NA,NA,NA,NA,NA,NA,NA,NA,NA
"1139","011_S_4893","m06",2,"3/4",68.15,NA,27,"5|6",20.33,NA,NA,NA,NA,NA,NA
"1140","011_S_4893","m12",2,"3/4",68.15,NA,27,"5|6|7",13.67,NA,NA,NA,NA,NA,NA
"1141","011_S_4893","m18",2,"3/4",68.15,NA,NA,"5",NA,NA,NA,NA,NA,NA,NA
"1142","011_S_4893","m24",2,"3/4",68.15,NA,24,"5|6|7",16,NA,744.7,42.06,"C2N_plasma_Abeta40",365.17,NA
"1143","011_S_4893","m36",2,"3/4",68.15,NA,25,"5|6|7",30.33,NA,NA,NA,NA,NA,NA
"1144","011_S_4893","m42",2,"3/4",68.15,NA,NA,NA,NA,NA,NA,NA,NA,NA,NA
"1145","011_S_4893","m48",2,"3/4",68.15,NA,24,"5|6|7",25,23910,816.6,44.97,"C2N_plasma_Abeta40",399.016,NA
"1146","011_S_4893","m60",2,"3/4",68.15,NA,23,"5|6",30,NA,NA,NA,NA,NA,NA
"1147","011_S_4893","sc",2,"3/4",68.15,12,28,"5|6|7",NA,NA,NA,NA,NA,NA,NA
"1148","011_S_4893","scmri",2,"3/4",68.15,NA,NA,NA,NA,NA,NA,NA,NA,NA,NA
"1149","016_S_4902","bl",2,"3/4",75.37,NA,NA,"0",30,NA,818.6,29.74,"C2N_plasma_Abeta40",373.379,NA
"1150","016_S_4902","m03",2,"3/4",75.37,NA,NA,NA,NA,NA,NA,NA,NA,NA,NA
"1151","016_S_4902","m06",2,"3/4",75.37,NA,23,"1",24.67,NA,NA,NA,NA,NA,NA
"1152","016_S_4902","m12",2,"3/4",75.37,NA,25,"1|4",27.67,NA,NA,NA,NA,NA,NA
"1153","016_S_4902","m18",2,"3/4",75.37,NA,NA,"1|4",NA,NA,NA,NA,NA,NA,NA
"1154","016_S_4902","m24",2,"3/4",75.37,NA,23,"1|4",34.33,NA,NA,NA,"C2N_plasma_Abeta40",381.199,NA
"1155","016_S_4902","m36",2,"3/4",75.37,NA,23,"1|4",38.67,NA,NA,NA,"C2N_plasma_Abeta40",394.512,NA
"1156","016_S_4902","m72",2,"3/4",75.37,NA,15,"1|4|6",45.67,NA,NA,NA,NA,NA,NA
"1157","016_S_4902","m84",2,"3/4",75.37,NA,10,"1|4|6",56.67,NA,NA,NA,NA,NA,NA
"1158","016_S_4902","m96",2,"3/4",75.37,NA,NA,NA,NA,NA,NA,NA,NA,NA,NA
"1159","016_S_4902","sc",2,"3/4",75.37,15,25,"0",NA,NA,NA,NA,NA,NA,NA
"1160","016_S_4902","scmri",2,"3/4",75.37,NA,NA,NA,NA,NA,NA,NA,NA,NA,NA
"1161","127_S_4928","AUT",1,"3/4",77.83,NA,NA,NA,NA,NA,NA,NA,NA,NA,NA
"1162","127_S_4928","bl",1,"3/4",77.83,NA,NA,"1|4|6",17,NA,883.9,33.02,"C2N_plasma_Abeta40",455.488,NA
"1163","127_S_4928","m03",1,"3/4",77.83,NA,NA,NA,NA,NA,NA,NA,NA,NA,NA
"1164","127_S_4928","m06",1,"3/4",77.83,NA,26,"1|4",21.33,NA,NA,NA,NA,NA,NA
"1165","127_S_4928","m12",1,"3/4",77.83,NA,26,"1|4|6",9.33,NA,NA,NA,NA,NA,NA
"1166","127_S_4928","m18",1,"3/4",77.83,NA,NA,"1|4|6",NA,NA,NA,NA,NA,NA,NA
"1167","127_S_4928","m24",1,"3/4",77.83,NA,23,"1|4|6",17.33,NA,690.7,28.79,NA,NA,NA
"1168","127_S_4928","m36",1,"3/4",77.83,NA,23,"1|6",21.67,NA,NA,NA,NA,NA,NA
"1169","127_S_4928","m48",1,"3/4",77.83,NA,22,"1|4|6",26.33,NA,NA,NA,"C2N_plasma_Abeta40",458.348,NA
"1170","127_S_4928","m60",1,"3/4",77.83,NA,22,"1|4|6",23.33,NA,NA,NA,"C2N_plasma_Abeta40",419.798,NA
"1171","127_S_4928","sc",1,"3/4",77.83,16,27,"1|4|6",NA,NA,NA,NA,NA,NA,NA
"1172","127_S_4928","scmri",1,"3/4",77.83,NA,NA,NA,NA,NA,NA,NA,NA,NA,NA
"1173","041_S_4974","bl",1,"3/3",73.51,NA,NA,"0",7.33,NA,677.4,69.87,"C2N_plasma_Abeta40",420.418,NA
"1174","041_S_4974","m03",1,"3/3",73.51,NA,NA,NA,NA,NA,NA,NA,NA,NA,NA
"1175","041_S_4974","m06",1,"3/3",73.51,NA,30,"6|7",10.33,NA,NA,NA,NA,NA,NA
"1176","041_S_4974","m12",1,"3/3",73.51,NA,29,"6",9,NA,NA,NA,NA,NA,NA
"1177","041_S_4974","m24",1,"3/3",73.51,NA,28,"1|6|7",8.33,NA,710.1,92.67,"C2N_plasma_Abeta40",432.735,NA
"1178","041_S_4974","m36",1,"3/3",73.51,NA,29,"1|4|6",22.33,NA,NA,NA,NA,NA,NA
"1179","041_S_4974","m60",1,"3/3",73.51,NA,18,"1|4|6",40.33,NA,NA,NA,"C2N_plasma_Abeta40",184.443,NA
"1180","041_S_4974","sc",1,"3/3",73.51,19,29,"6",NA,NA,NA,NA,NA,NA,NA
"1181","041_S_4974","scmri",1,"3/3",73.51,NA,NA,NA,NA,NA,NA,NA,NA,NA,NA
"1182","016_S_5031","bl",2,"3/3",80.19,NA,NA,"1|6|7",16.33,NA,635.6,16.82,"C2N_plasma_Abeta40",454.792,NA
"1183","016_S_5031","m06",2,"3/3",80.19,NA,27,"1|7",22.33,NA,NA,NA,NA,NA,NA
"1184","016_S_5031","m12",2,"3/3",80.19,NA,26,"1|6|7",17.67,NA,NA,NA,NA,NA,NA
"1185","016_S_5031","m24",2,"3/3",80.19,NA,23,"1|4|6",22.33,NA,NA,NA,"C2N_plasma_Abeta40",476.875,NA
"1186","016_S_5031","m36",2,"3/3",80.19,NA,26,"1|4|6|7",20.33,NA,NA,NA,"C2N_plasma_Abeta40",NA,NA
"1187","016_S_5031","sc",2,"3/3",80.19,14,25,"1|6|7",NA,NA,NA,NA,NA,NA,NA
"1188","016_S_5031","scmri",2,"3/3",80.19,NA,NA,NA,NA,NA,NA,NA,NA,NA,NA
"1189","941_S_5124","bl",2,"3/3",76.7,NA,NA,"6",7,NA,2705,30.81,"C2N_plasma_Abeta40",459.035,NA
"1190","941_S_5124","m03",2,"3/3",76.7,NA,NA,NA,NA,NA,NA,NA,NA,NA,NA
"1191","941_S_5124","m06",2,"3/3",76.7,NA,25,"0",12.67,NA,NA,NA,NA,NA,NA
"1192","941_S_5124","m108",2,"3/3",76.7,NA,NA,"6",NA,NA,NA,NA,NA,NA,NA
"1193","941_S_5124","m12",2,"3/3",76.7,NA,26,"6",10,NA,NA,NA,NA,NA,NA
"1194","941_S_5124","m120",2,"3/3",76.7,NA,NA,NA,NA,NA,NA,NA,NA,NA,NA
"1195","941_S_5124","m132",2,"3/3",76.7,NA,NA,NA,NA,NA,NA,NA,NA,NA,NA
"1196","941_S_5124","m144",2,"3/3",76.7,NA,NA,NA,NA,NA,NA,NA,NA,NA,NA
"1197","941_S_5124","m24",2,"3/3",76.7,NA,27,"6",16.67,NA,NA,NA,"C2N_plasma_Abeta40",399.865,NA
"1198","941_S_5124","m54",2,"3/3",76.7,NA,29,"6",14.67,NA,NA,NA,"C2N_plasma_Abeta40",450.365,NA
"1199","941_S_5124","m90",2,"3/3",76.7,NA,NA,NA,NA,NA,NA,NA,NA,NA,NA
"1200","941_S_5124","m96",2,"3/3",76.7,NA,NA,NA,NA,NA,NA,NA,NA,NA,NA
"1201","941_S_5124","sc",2,"3/3",76.7,20,26,"6",NA,NA,NA,NA,NA,NA,NA
"1202","941_S_5124","scmri",2,"3/3",76.7,NA,NA,NA,NA,NA,NA,NA,NA,NA,NA
"1203","002_S_5230","bl",2,"3/4",73.53,NA,NA,"0",10,NA,1006,22.84,"C2N_plasma_Abeta40",406.509,NA
"1204","002_S_5230","m03",2,"3/4",73.53,NA,NA,NA,NA,NA,NA,NA,NA,NA,NA
"1205","002_S_5230","m06",2,"3/4",73.53,NA,28,"0",7.67,NA,NA,NA,NA,NA,NA
"1206","002_S_5230","m24",2,"3/4",73.53,NA,29,"0",5.67,NA,839.6,21.6,"C2N_plasma_Abeta40",465.385,NA
"1207","002_S_5230","m48",2,"3/4",73.53,NA,28,"0",8.67,NA,NA,NA,"C2N_plasma_Abeta40",455.469,NA
"1208","002_S_5230","m60",2,"3/4",73.53,NA,28,"0",9.33,NA,NA,NA,NA,NA,NA
"1209","002_S_5230","m78",2,"3/4",73.53,NA,29,"0",10,NA,NA,NA,NA,NA,NA
"1210","002_S_5230","sc",2,"3/4",73.53,19,29,"0",NA,NA,NA,NA,NA,NA,NA
"1211","002_S_5230","scmri",2,"3/4",73.53,NA,NA,NA,NA,NA,NA,NA,NA,NA,NA
"1212","021_S_5237","bl",1,"3/4",80.3,NA,NA,"0",7.33,NA,951.8,38.08,"C2N_plasma_Abeta40",444.013,NA
"1213","021_S_5237","m03",1,"3/4",80.3,NA,NA,NA,NA,NA,NA,NA,NA,NA,NA
"1214","021_S_5237","m06",1,"3/4",80.3,NA,30,"0",9.33,NA,NA,NA,NA,NA,NA
"1215","021_S_5237","m24",1,"3/4",80.3,NA,30,"0",10.33,NA,NA,NA,NA,NA,NA
"1216","021_S_5237","m48",1,"3/4",80.3,NA,25,"0",18,NA,NA,NA,"C2N_plasma_Abeta40",370.318,NA
"1217","021_S_5237","m60",1,"3/4",80.3,NA,26,"0",21,NA,NA,NA,NA,NA,NA
"1218","021_S_5237","m72",1,"3/4",80.3,NA,26,"0",15,NA,NA,NA,NA,NA,NA
"1219","021_S_5237","m84",1,"3/4",80.3,NA,25,"0",19.67,NA,NA,NA,NA,NA,NA
"1220","021_S_5237","m96",1,"3/4",80.3,NA,24,"0",23,NA,NA,NA,"C2N_plasma_Abeta40",430.544,NA
"1221","021_S_5237","sc",1,"3/4",80.3,19,29,"0",NA,NA,NA,NA,NA,NA,NA
"1222","021_S_5237","scmri",1,"3/4",80.3,NA,NA,NA,NA,NA,NA,NA,NA,NA,NA
"1223","137_S_4862","bl",1,"3/3",77.4,NA,NA,"0",14,NA,751,39.6,NA,NA,NA
"1224","137_S_4862","m06",1,"3/3",77.4,NA,26,"0",15.67,NA,NA,NA,NA,NA,NA
"1225","137_S_4862","m12",1,"3/3",77.4,NA,27,"0",13.33,NA,NA,NA,NA,NA,NA
"1226","137_S_4862","m24",1,"3/3",77.4,NA,24,"0",17.33,NA,NA,NA,"C2N_plasma_Abeta40",395.76,NA
"1227","137_S_4862","m36",1,"3/3",77.4,NA,25,"0",18.67,NA,NA,NA,NA,NA,NA
"1228","137_S_4862","m60",1,"3/3",77.4,NA,26,"0",26,22650,711.3,46.03,"C2N_plasma_Abeta40",448.995,NA
"1229","137_S_4862","m72",1,"3/3",77.4,NA,23,"0",24,NA,NA,NA,NA,NA,NA
"1230","137_S_4862","m90",1,"3/3",77.4,NA,21,"0",34,NA,NA,NA,"C2N_plasma_Abeta40",505.658,NA
"1231","137_S_4862","sc",1,"3/3",77.4,18,29,"0",NA,NA,NA,NA,NA,NA,NA
"1232","137_S_4862","scmri",1,"3/3",77.4,NA,NA,NA,NA,NA,NA,NA,NA,NA,NA
"1233","027_S_5277","bl",2,"3/4",71.91,NA,NA,"6",6.33,NA,780.3,34.39,"C2N_plasma_Abeta40",401.028,NA
"1234","027_S_5277","m06",2,"3/4",71.91,NA,27,"6",8.67,NA,NA,NA,NA,NA,NA
"1235","027_S_5277","m24",2,"3/4",71.91,NA,24,"6",10,NA,760.1,36.21,"C2N_plasma_Abeta40",389.57,NA
"1236","027_S_5277","m48",2,"3/4",71.91,NA,25,"3|6",16,NA,NA,NA,"C2N_plasma_Abeta40",443.234,NA
"1237","027_S_5277","sc",2,"3/4",71.91,15,28,"6",NA,NA,NA,NA,NA,NA,NA
"1238","027_S_5277","scmri",2,"3/4",71.91,NA,NA,NA,NA,NA,NA,NA,NA,NA,NA
"1239","114_S_6039","bl",1,"3/3",55.95,NA,NA,"1|6",23.67,16090,673.7,31.27,"C2N_plasma_Abeta40",592.779,304545
"1240","114_S_6039","m12",1,"3/3",55.95,NA,21,"1|3|6",30.67,NA,NA,NA,"C2N_plasma_Abeta40",652.199,NA
"1241","114_S_6039","m24",1,"3/3",55.95,NA,19,"1|4|6",NA,16880,651,31.96,"C2N_plasma_Abeta40",611.715,NA
"1242","114_S_6039","m36",1,"3/3",55.95,NA,NA,NA,NA,NA,NA,NA,NA,NA,NA
"1243","114_S_6039","m48",1,"3/3",55.95,NA,NA,NA,NA,NA,NA,NA,NA,NA,NA
"1244","114_S_6039","sc",1,"3/3",55.95,13,21,"1",NA,NA,NA,NA,NA,NA,NA
"1245","012_S_6073","bl",1,"3/3",62.91,NA,NA,"1|4",28.67,8370,319,21.13,"C2N_plasma_Abeta40",371.885,328680
"1246","012_S_6073","m12",1,"3/3",62.91,NA,23,"1|4",33.33,NA,NA,NA,"C2N_plasma_Abeta40",343.338,NA
"1247","012_S_6073","m24",1,"3/3",62.91,NA,19,"1|4",NA,6960,262,17.74,"C2N_plasma_Abeta40",368.795,NA
"1248","012_S_6073","m42",1,"3/3",62.91,NA,12,"1|4",67.33,NA,NA,NA,NA,NA,NA
"1249","012_S_6073","m48",1,"3/3",62.91,NA,NA,"1|4",NA,NA,NA,NA,NA,NA,NA
"1250","012_S_6073","m60",1,"3/3",62.91,NA,NA,"1|4",NA,NA,NA,NA,NA,NA,NA
"1251","012_S_6073","sc",1,"3/3",62.91,17,26,"1|4",NA,NA,NA,NA,NA,NA,NA
"1252","168_S_6142","bl",2,"3/3",86.09,NA,NA,"3|4",32.33,25010,825.7,43.03,"C2N_plasma_Abeta40",427.023,209925
"1253","168_S_6142","m18",2,"3/3",86.09,NA,18,"3|4",32,NA,NA,NA,"C2N_plasma_Abeta40",484.961,NA
"1254","168_S_6142","m24",2,"3/3",86.09,NA,16,"3|4",34.33,NA,NA,NA,"C2N_plasma_Abeta40",490.782,NA
"1255","168_S_6142","sc",2,"3/3",86.09,15,20,"3|4",NA,NA,NA,NA,NA,NA,NA
"1256","036_S_6179","bl",1,"3/3",79.38,NA,NA,"1|4",36.33,16210,448.9,28.75,"C2N_plasma_Abeta40",473.582,249219
"1257","036_S_6179","m12",1,"3/3",79.38,NA,21,"1|4",35,NA,NA,NA,"C2N_plasma_Abeta40",513.739,NA
"1258","036_S_6179","m30",1,"3/3",79.38,NA,19,"1|4",49,NA,NA,NA,"C2N_plasma_Abeta40",560.265,NA
"1259","036_S_6179","m42",1,"3/3",79.38,NA,NA,NA,NA,NA,NA,NA,NA,NA,NA
"1260","036_S_6179","sc",1,"3/3",79.38,16,21,"1|4",NA,NA,NA,NA,NA,NA,NA
